<?xml version='1.0' encoding='UTF-8'?>
<annotation>
  <filename>00469.png</filename>
  <object_num>7</object_num>
  <size>
    <width>640</width>
    <height>480</height>
  </size>
  <object>
    <name>5</name>
    <difficult>0</difficult>
    <bndbox>
      <xmin>261</xmin>
      <ymin>217</ymin>
      <xmax>298</xmax>
      <ymax>259</ymax>
    </bndbox>
  </object>
  <object>
    <name>7</name>
    <difficult>0</difficult>
    <bndbox>
      <xmin>272</xmin>
      <ymin>242</ymin>
      <xmax>306</xmax>
      <ymax>298</ymax>
    </bndbox>
  </object>
  <object>
    <name>6</name>
    <difficult>0</difficult>
    <bndbox>
      <xmin>311</xmin>
      <ymin>283</ymin>
      <xmax>376</xmax>
      <ymax>300</ymax>
    </bndbox>
  </object>
  <object>
    <name>1</name>
    <difficult>0</difficult>
    <bndbox>
      <xmin>311</xmin>
      <ymin>176</ymin>
      <xmax>341</xmax>
      <ymax>261</ymax>
    </bndbox>
  </object>
  <object>
    <name>3</name>
    <difficult>0</difficult>
    <bndbox>
      <xmin>327</xmin>
      <ymin>217</ymin>
      <xmax>358</xmax>
      <ymax>246</ymax>
    </bndbox>
  </object>
  <object>
    <name>2</name>
    <difficult>0</difficult>
    <bndbox>
      <xmin>365</xmin>
      <ymin>238</ymin>
      <xmax>413</xmax>
      <ymax>277</ymax>
    </bndbox>
  </object>
  <object>
    <name>4</name>
    <difficult>0</difficult>
    <bndbox>
      <xmin>374</xmin>
      <ymin>159</ymin>
      <xmax>405</xmax>
      <ymax>245</ymax>
    </bndbox>
  </object>
</annotation>
