<?xml version='1.0' encoding='UTF-8'?>
<annotation>
  <filename>00465.png</filename>
  <object_num>6</object_num>
  <size>
    <width>640</width>
    <height>480</height>
  </size>
  <object>
    <name>5</name>
    <difficult>0</difficult>
    <bndbox>
      <xmin>260</xmin>
      <ymin>218</ymin>
      <xmax>294</xmax>
      <ymax>263</ymax>
    </bndbox>
  </object>
  <object>
    <name>7</name>
    <difficult>0</difficult>
    <bndbox>
      <xmin>280</xmin>
      <ymin>246</ymin>
      <xmax>312</xmax>
      <ymax>303</ymax>
    </bndbox>
  </object>
  <object>
    <name>1</name>
    <difficult>0</difficult>
    <bndbox>
      <xmin>311</xmin>
      <ymin>175</ymin>
      <xmax>340</xmax>
      <ymax>260</ymax>
    </bndbox>
  </object>
  <object>
    <name>6</name>
    <difficult>0</difficult>
    <bndbox>
      <xmin>318</xmin>
      <ymin>283</ymin>
      <xmax>381</xmax>
      <ymax>294</ymax>
    </bndbox>
  </object>
  <object>
    <name>2</name>
    <difficult>0</difficult>
    <bndbox>
      <xmin>365</xmin>
      <ymin>233</ymin>
      <xmax>416</xmax>
      <ymax>273</ymax>
    </bndbox>
  </object>
  <object>
    <name>4</name>
    <difficult>0</difficult>
    <bndbox>
      <xmin>372</xmin>
      <ymin>155</ymin>
      <xmax>401</xmax>
      <ymax>250</ymax>
    </bndbox>
  </object>
</annotation>
