<?xml version='1.0' encoding='UTF-8'?>
<annotation>
  <filename>00479.png</filename>
  <object_num>7</object_num>
  <size>
    <width>640</width>
    <height>480</height>
  </size>
  <object>
    <name>7</name>
    <difficult>0</difficult>
    <bndbox>
      <xmin>259</xmin>
      <ymin>234</ymin>
      <xmax>291</xmax>
      <ymax>289</ymax>
    </bndbox>
  </object>
  <object>
    <name>5</name>
    <difficult>0</difficult>
    <bndbox>
      <xmin>267</xmin>
      <ymin>209</ymin>
      <xmax>302</xmax>
      <ymax>250</ymax>
    </bndbox>
  </object>
  <object>
    <name>6</name>
    <difficult>0</difficult>
    <bndbox>
      <xmin>299</xmin>
      <ymin>277</ymin>
      <xmax>355</xmax>
      <ymax>303</ymax>
    </bndbox>
  </object>
  <object>
    <name>1</name>
    <difficult>0</difficult>
    <bndbox>
      <xmin>313</xmin>
      <ymin>176</ymin>
      <xmax>343</xmax>
      <ymax>258</ymax>
    </bndbox>
  </object>
  <object>
    <name>2</name>
    <difficult>0</difficult>
    <bndbox>
      <xmin>358</xmin>
      <ymin>243</ymin>
      <xmax>403</xmax>
      <ymax>285</ymax>
    </bndbox>
  </object>
  <object>
    <name>3</name>
    <difficult>0</difficult>
    <bndbox>
      <xmin>337</xmin>
      <ymin>212</ymin>
      <xmax>363</xmax>
      <ymax>244</ymax>
    </bndbox>
  </object>
  <object>
    <name>4</name>
    <difficult>0</difficult>
    <bndbox>
      <xmin>381</xmin>
      <ymin>167</ymin>
      <xmax>412</xmax>
      <ymax>258</ymax>
    </bndbox>
  </object>
</annotation>
