<?xml version='1.0' encoding='UTF-8'?>
<annotation>
  <filename>00477.png</filename>
  <object_num>7</object_num>
  <size>
    <width>640</width>
    <height>480</height>
  </size>
  <object>
    <name>7</name>
    <difficult>0</difficult>
    <bndbox>
      <xmin>261</xmin>
      <ymin>236</ymin>
      <xmax>294</xmax>
      <ymax>291</ymax>
    </bndbox>
  </object>
  <object>
    <name>5</name>
    <difficult>0</difficult>
    <bndbox>
      <xmin>265</xmin>
      <ymin>209</ymin>
      <xmax>300</xmax>
      <ymax>251</ymax>
    </bndbox>
  </object>
  <object>
    <name>1</name>
    <difficult>0</difficult>
    <bndbox>
      <xmin>311</xmin>
      <ymin>175</ymin>
      <xmax>343</xmax>
      <ymax>260</ymax>
    </bndbox>
  </object>
  <object>
    <name>6</name>
    <difficult>0</difficult>
    <bndbox>
      <xmin>301</xmin>
      <ymin>278</ymin>
      <xmax>361</xmax>
      <ymax>304</ymax>
    </bndbox>
  </object>
  <object>
    <name>2</name>
    <difficult>0</difficult>
    <bndbox>
      <xmin>358</xmin>
      <ymin>243</ymin>
      <xmax>406</xmax>
      <ymax>284</ymax>
    </bndbox>
  </object>
  <object>
    <name>3</name>
    <difficult>0</difficult>
    <bndbox>
      <xmin>338</xmin>
      <ymin>213</ymin>
      <xmax>364</xmax>
      <ymax>244</ymax>
    </bndbox>
  </object>
  <object>
    <name>4</name>
    <difficult>0</difficult>
    <bndbox>
      <xmin>378</xmin>
      <ymin>163</ymin>
      <xmax>412</xmax>
      <ymax>258</ymax>
    </bndbox>
  </object>
</annotation>
