<?xml version='1.0' encoding='UTF-8'?>
<annotation>
  <filename>00483.png</filename>
  <object_num>7</object_num>
  <size>
    <width>640</width>
    <height>480</height>
  </size>
  <object>
    <name>7</name>
    <difficult>0</difficult>
    <bndbox>
      <xmin>254</xmin>
      <ymin>230</ymin>
      <xmax>287</xmax>
      <ymax>285</ymax>
    </bndbox>
  </object>
  <object>
    <name>5</name>
    <difficult>0</difficult>
    <bndbox>
      <xmin>271</xmin>
      <ymin>205</ymin>
      <xmax>305</xmax>
      <ymax>249</ymax>
    </bndbox>
  </object>
  <object>
    <name>1</name>
    <difficult>0</difficult>
    <bndbox>
      <xmin>315</xmin>
      <ymin>176</ymin>
      <xmax>344</xmax>
      <ymax>258</ymax>
    </bndbox>
  </object>
  <object>
    <name>6</name>
    <difficult>0</difficult>
    <bndbox>
      <xmin>293</xmin>
      <ymin>275</ymin>
      <xmax>347</xmax>
      <ymax>303</ymax>
    </bndbox>
  </object>
  <object>
    <name>3</name>
    <difficult>0</difficult>
    <bndbox>
      <xmin>345</xmin>
      <ymin>216</ymin>
      <xmax>370</xmax>
      <ymax>248</ymax>
    </bndbox>
  </object>
  <object>
    <name>2</name>
    <difficult>0</difficult>
    <bndbox>
      <xmin>351</xmin>
      <ymin>246</ymin>
      <xmax>402</xmax>
      <ymax>289</ymax>
    </bndbox>
  </object>
  <object>
    <name>4</name>
    <difficult>0</difficult>
    <bndbox>
      <xmin>382</xmin>
      <ymin>167</ymin>
      <xmax>413</xmax>
      <ymax>255</ymax>
    </bndbox>
  </object>
</annotation>
