<?xml version='1.0' encoding='UTF-8'?>
<annotation>
  <filename>00489.png</filename>
  <object_num>7</object_num>
  <size>
    <width>640</width>
    <height>480</height>
  </size>
  <object>
    <name>7</name>
    <difficult>0</difficult>
    <bndbox>
      <xmin>251</xmin>
      <ymin>222</ymin>
      <xmax>282</xmax>
      <ymax>276</ymax>
    </bndbox>
  </object>
  <object>
    <name>5</name>
    <difficult>0</difficult>
    <bndbox>
      <xmin>277</xmin>
      <ymin>199</ymin>
      <xmax>312</xmax>
      <ymax>245</ymax>
    </bndbox>
  </object>
  <object>
    <name>6</name>
    <difficult>0</difficult>
    <bndbox>
      <xmin>290</xmin>
      <ymin>271</ymin>
      <xmax>334</xmax>
      <ymax>304</ymax>
    </bndbox>
  </object>
  <object>
    <name>1</name>
    <difficult>0</difficult>
    <bndbox>
      <xmin>318</xmin>
      <ymin>173</ymin>
      <xmax>346</xmax>
      <ymax>256</ymax>
    </bndbox>
  </object>
  <object>
    <name>3</name>
    <difficult>0</difficult>
    <bndbox>
      <xmin>351</xmin>
      <ymin>221</ymin>
      <xmax>374</xmax>
      <ymax>250</ymax>
    </bndbox>
  </object>
  <object>
    <name>2</name>
    <difficult>0</difficult>
    <bndbox>
      <xmin>346</xmin>
      <ymin>253</ymin>
      <xmax>395</xmax>
      <ymax>294</ymax>
    </bndbox>
  </object>
  <object>
    <name>4</name>
    <difficult>0</difficult>
    <bndbox>
      <xmin>381</xmin>
      <ymin>174</ymin>
      <xmax>417</xmax>
      <ymax>266</ymax>
    </bndbox>
  </object>
</annotation>
