<?xml version='1.0' encoding='UTF-8'?>
<annotation>
  <filename>00485.png</filename>
  <object_num>7</object_num>
  <size>
    <width>640</width>
    <height>480</height>
  </size>
  <object>
    <name>7</name>
    <difficult>0</difficult>
    <bndbox>
      <xmin>253</xmin>
      <ymin>229</ymin>
      <xmax>285</xmax>
      <ymax>284</ymax>
    </bndbox>
  </object>
  <object>
    <name>5</name>
    <difficult>0</difficult>
    <bndbox>
      <xmin>273</xmin>
      <ymin>205</ymin>
      <xmax>307</xmax>
      <ymax>250</ymax>
    </bndbox>
  </object>
  <object>
    <name>6</name>
    <difficult>0</difficult>
    <bndbox>
      <xmin>293</xmin>
      <ymin>274</ymin>
      <xmax>344</xmax>
      <ymax>306</ymax>
    </bndbox>
  </object>
  <object>
    <name>1</name>
    <difficult>0</difficult>
    <bndbox>
      <xmin>314</xmin>
      <ymin>175</ymin>
      <xmax>346</xmax>
      <ymax>258</ymax>
    </bndbox>
  </object>
  <object>
    <name>3</name>
    <difficult>0</difficult>
    <bndbox>
      <xmin>347</xmin>
      <ymin>217</ymin>
      <xmax>371</xmax>
      <ymax>249</ymax>
    </bndbox>
  </object>
  <object>
    <name>2</name>
    <difficult>0</difficult>
    <bndbox>
      <xmin>348</xmin>
      <ymin>250</ymin>
      <xmax>400</xmax>
      <ymax>291</ymax>
    </bndbox>
  </object>
  <object>
    <name>4</name>
    <difficult>0</difficult>
    <bndbox>
      <xmin>382</xmin>
      <ymin>168</ymin>
      <xmax>415</xmax>
      <ymax>267</ymax>
    </bndbox>
  </object>
</annotation>
