<?xml version='1.0' encoding='UTF-8'?>
<annotation>
  <filename>00499.png</filename>
  <object_num>7</object_num>
  <size>
    <width>640</width>
    <height>480</height>
  </size>
  <object>
    <name>7</name>
    <difficult>0</difficult>
    <bndbox>
      <xmin>249</xmin>
      <ymin>210</ymin>
      <xmax>281</xmax>
      <ymax>262</ymax>
    </bndbox>
  </object>
  <object>
    <name>5</name>
    <difficult>0</difficult>
    <bndbox>
      <xmin>292</xmin>
      <ymin>195</ymin>
      <xmax>323</xmax>
      <ymax>238</ymax>
    </bndbox>
  </object>
  <object>
    <name>6</name>
    <difficult>0</difficult>
    <bndbox>
      <xmin>282</xmin>
      <ymin>261</ymin>
      <xmax>309</xmax>
      <ymax>299</ymax>
    </bndbox>
  </object>
  <object>
    <name>1</name>
    <difficult>0</difficult>
    <bndbox>
      <xmin>322</xmin>
      <ymin>175</ymin>
      <xmax>350</xmax>
      <ymax>257</ymax>
    </bndbox>
  </object>
  <object>
    <name>2</name>
    <difficult>0</difficult>
    <bndbox>
      <xmin>328</xmin>
      <ymin>255</ymin>
      <xmax>380</xmax>
      <ymax>298</ymax>
    </bndbox>
  </object>
  <object>
    <name>3</name>
    <difficult>0</difficult>
    <bndbox>
      <xmin>355</xmin>
      <ymin>224</ymin>
      <xmax>385</xmax>
      <ymax>260</ymax>
    </bndbox>
  </object>
  <object>
    <name>4</name>
    <difficult>0</difficult>
    <bndbox>
      <xmin>378</xmin>
      <ymin>183</ymin>
      <xmax>413</xmax>
      <ymax>280</ymax>
    </bndbox>
  </object>
</annotation>
