<?xml version='1.0' encoding='UTF-8'?>
<annotation>
  <filename>00495.png</filename>
  <object_num>7</object_num>
  <size>
    <width>640</width>
    <height>480</height>
  </size>
  <object>
    <name>7</name>
    <difficult>0</difficult>
    <bndbox>
      <xmin>250</xmin>
      <ymin>217</ymin>
      <xmax>280</xmax>
      <ymax>269</ymax>
    </bndbox>
  </object>
  <object>
    <name>5</name>
    <difficult>0</difficult>
    <bndbox>
      <xmin>286</xmin>
      <ymin>198</ymin>
      <xmax>319</xmax>
      <ymax>240</ymax>
    </bndbox>
  </object>
  <object>
    <name>6</name>
    <difficult>0</difficult>
    <bndbox>
      <xmin>283</xmin>
      <ymin>262</ymin>
      <xmax>322</xmax>
      <ymax>301</ymax>
    </bndbox>
  </object>
  <object>
    <name>1</name>
    <difficult>0</difficult>
    <bndbox>
      <xmin>320</xmin>
      <ymin>175</ymin>
      <xmax>349</xmax>
      <ymax>254</ymax>
    </bndbox>
  </object>
  <object>
    <name>2</name>
    <difficult>0</difficult>
    <bndbox>
      <xmin>334</xmin>
      <ymin>255</ymin>
      <xmax>385</xmax>
      <ymax>294</ymax>
    </bndbox>
  </object>
  <object>
    <name>3</name>
    <difficult>0</difficult>
    <bndbox>
      <xmin>352</xmin>
      <ymin>221</ymin>
      <xmax>378</xmax>
      <ymax>255</ymax>
    </bndbox>
  </object>
  <object>
    <name>4</name>
    <difficult>0</difficult>
    <bndbox>
      <xmin>382</xmin>
      <ymin>178</ymin>
      <xmax>415</xmax>
      <ymax>275</ymax>
    </bndbox>
  </object>
</annotation>
