<?xml version='1.0' encoding='UTF-8'?>
<annotation>
  <filename>00491.png</filename>
  <object_num>7</object_num>
  <size>
    <width>640</width>
    <height>480</height>
  </size>
  <object>
    <name>7</name>
    <difficult>0</difficult>
    <bndbox>
      <xmin>251</xmin>
      <ymin>221</ymin>
      <xmax>282</xmax>
      <ymax>274</ymax>
    </bndbox>
  </object>
  <object>
    <name>5</name>
    <difficult>0</difficult>
    <bndbox>
      <xmin>282</xmin>
      <ymin>201</ymin>
      <xmax>314</xmax>
      <ymax>242</ymax>
    </bndbox>
  </object>
  <object>
    <name>6</name>
    <difficult>0</difficult>
    <bndbox>
      <xmin>286</xmin>
      <ymin>267</ymin>
      <xmax>329</xmax>
      <ymax>303</ymax>
    </bndbox>
  </object>
  <object>
    <name>1</name>
    <difficult>0</difficult>
    <bndbox>
      <xmin>316</xmin>
      <ymin>174</ymin>
      <xmax>346</xmax>
      <ymax>255</ymax>
    </bndbox>
  </object>
  <object>
    <name>2</name>
    <difficult>0</difficult>
    <bndbox>
      <xmin>342</xmin>
      <ymin>252</ymin>
      <xmax>391</xmax>
      <ymax>294</ymax>
    </bndbox>
  </object>
  <object>
    <name>3</name>
    <difficult>0</difficult>
    <bndbox>
      <xmin>352</xmin>
      <ymin>216</ymin>
      <xmax>375</xmax>
      <ymax>255</ymax>
    </bndbox>
  </object>
  <object>
    <name>4</name>
    <difficult>0</difficult>
    <bndbox>
      <xmin>382</xmin>
      <ymin>175</ymin>
      <xmax>416</xmax>
      <ymax>268</ymax>
    </bndbox>
  </object>
</annotation>
