<?xml version='1.0' encoding='UTF-8'?>
<annotation>
  <filename>00501.png</filename>
  <object_num>6</object_num>
  <size>
    <width>640</width>
    <height>480</height>
  </size>
  <object>
    <name>5</name>
    <difficult>0</difficult>
    <bndbox>
      <xmin>275</xmin>
      <ymin>258</ymin>
      <xmax>310</xmax>
      <ymax>298</ymax>
    </bndbox>
  </object>
  <object>
    <name>8</name>
    <difficult>0</difficult>
    <bndbox>
      <xmin>246</xmin>
      <ymin>191</ymin>
      <xmax>353</xmax>
      <ymax>256</ymax>
    </bndbox>
  </object>
  <object>
    <name>5</name>
    <difficult>0</difficult>
    <bndbox>
      <xmin>321</xmin>
      <ymin>231</ymin>
      <xmax>358</xmax>
      <ymax>276</ymax>
    </bndbox>
  </object>
  <object>
    <name>7</name>
    <difficult>0</difficult>
    <bndbox>
      <xmin>334</xmin>
      <ymin>252</ymin>
      <xmax>365</xmax>
      <ymax>306</ymax>
    </bndbox>
  </object>
  <object>
    <name>6</name>
    <difficult>0</difficult>
    <bndbox>
      <xmin>385</xmin>
      <ymin>258</ymin>
      <xmax>447</xmax>
      <ymax>275</ymax>
    </bndbox>
  </object>
  <object>
    <name>2</name>
    <difficult>0</difficult>
    <bndbox>
      <xmin>356</xmin>
      <ymin>210</ymin>
      <xmax>403</xmax>
      <ymax>253</ymax>
    </bndbox>
  </object>
</annotation>
