<?xml version='1.0' encoding='UTF-8'?>
<annotation>
  <filename>00521.png</filename>
  <object_num>6</object_num>
  <size>
    <width>640</width>
    <height>480</height>
  </size>
  <object>
    <name>5</name>
    <difficult>0</difficult>
    <bndbox>
      <xmin>257</xmin>
      <ymin>236</ymin>
      <xmax>291</xmax>
      <ymax>275</ymax>
    </bndbox>
  </object>
  <object>
    <name>7</name>
    <difficult>0</difficult>
    <bndbox>
      <xmin>294</xmin>
      <ymin>251</ymin>
      <xmax>325</xmax>
      <ymax>301</ymax>
    </bndbox>
  </object>
  <object>
    <name>5</name>
    <difficult>0</difficult>
    <bndbox>
      <xmin>310</xmin>
      <ymin>230</ymin>
      <xmax>347</xmax>
      <ymax>279</ymax>
    </bndbox>
  </object>
  <object>
    <name>2</name>
    <difficult>0</difficult>
    <bndbox>
      <xmin>362</xmin>
      <ymin>226</ymin>
      <xmax>413</xmax>
      <ymax>266</ymax>
    </bndbox>
  </object>
  <object>
    <name>6</name>
    <difficult>0</difficult>
    <bndbox>
      <xmin>364</xmin>
      <ymin>281</ymin>
      <xmax>427</xmax>
      <ymax>305</ymax>
    </bndbox>
  </object>
  <object>
    <name>8</name>
    <difficult>0</difficult>
    <bndbox>
      <xmin>277</xmin>
      <ymin>186</ymin>
      <xmax>366</xmax>
      <ymax>242</ymax>
    </bndbox>
  </object>
</annotation>
