<?xml version='1.0' encoding='UTF-8'?>
<annotation>
  <filename>00527.png</filename>
  <object_num>6</object_num>
  <size>
    <width>640</width>
    <height>480</height>
  </size>
  <object>
    <name>8</name>
    <difficult>0</difficult>
    <bndbox>
      <xmin>278</xmin>
      <ymin>185</ymin>
      <xmax>370</xmax>
      <ymax>238</ymax>
    </bndbox>
  </object>
  <object>
    <name>5</name>
    <difficult>0</difficult>
    <bndbox>
      <xmin>255</xmin>
      <ymin>230</ymin>
      <xmax>288</xmax>
      <ymax>268</ymax>
    </bndbox>
  </object>
  <object>
    <name>7</name>
    <difficult>0</difficult>
    <bndbox>
      <xmin>285</xmin>
      <ymin>249</ymin>
      <xmax>315</xmax>
      <ymax>296</ymax>
    </bndbox>
  </object>
  <object>
    <name>5</name>
    <difficult>0</difficult>
    <bndbox>
      <xmin>307</xmin>
      <ymin>229</ymin>
      <xmax>342</xmax>
      <ymax>277</ymax>
    </bndbox>
  </object>
  <object>
    <name>2</name>
    <difficult>0</difficult>
    <bndbox>
      <xmin>360</xmin>
      <ymin>229</ymin>
      <xmax>411</xmax>
      <ymax>273</ymax>
    </bndbox>
  </object>
  <object>
    <name>6</name>
    <difficult>0</difficult>
    <bndbox>
      <xmin>353</xmin>
      <ymin>283</ymin>
      <xmax>413</xmax>
      <ymax>313</ymax>
    </bndbox>
  </object>
</annotation>
