<?xml version='1.0' encoding='UTF-8'?>
<annotation>
  <filename>00533.png</filename>
  <object_num>6</object_num>
  <size>
    <width>640</width>
    <height>480</height>
  </size>
  <object>
    <name>5</name>
    <difficult>0</difficult>
    <bndbox>
      <xmin>258</xmin>
      <ymin>224</ymin>
      <xmax>289</xmax>
      <ymax>261</ymax>
    </bndbox>
  </object>
  <object>
    <name>7</name>
    <difficult>0</difficult>
    <bndbox>
      <xmin>275</xmin>
      <ymin>243</ymin>
      <xmax>306</xmax>
      <ymax>293</ymax>
    </bndbox>
  </object>
  <object>
    <name>5</name>
    <difficult>0</difficult>
    <bndbox>
      <xmin>305</xmin>
      <ymin>228</ymin>
      <xmax>340</xmax>
      <ymax>275</ymax>
    </bndbox>
  </object>
  <object>
    <name>2</name>
    <difficult>0</difficult>
    <bndbox>
      <xmin>358</xmin>
      <ymin>235</ymin>
      <xmax>409</xmax>
      <ymax>278</ymax>
    </bndbox>
  </object>
  <object>
    <name>6</name>
    <difficult>0</difficult>
    <bndbox>
      <xmin>344</xmin>
      <ymin>286</ymin>
      <xmax>395</xmax>
      <ymax>322</ymax>
    </bndbox>
  </object>
  <object>
    <name>8</name>
    <difficult>0</difficult>
    <bndbox>
      <xmin>282</xmin>
      <ymin>186</ymin>
      <xmax>382</xmax>
      <ymax>242</ymax>
    </bndbox>
  </object>
</annotation>
