<?xml version='1.0' encoding='UTF-8'?>
<annotation>
  <filename>00537.png</filename>
  <object_num>6</object_num>
  <size>
    <width>640</width>
    <height>480</height>
  </size>
  <object>
    <name>5</name>
    <difficult>0</difficult>
    <bndbox>
      <xmin>260</xmin>
      <ymin>219</ymin>
      <xmax>293</xmax>
      <ymax>257</ymax>
    </bndbox>
  </object>
  <object>
    <name>7</name>
    <difficult>0</difficult>
    <bndbox>
      <xmin>270</xmin>
      <ymin>240</ymin>
      <xmax>302</xmax>
      <ymax>289</ymax>
    </bndbox>
  </object>
  <object>
    <name>5</name>
    <difficult>0</difficult>
    <bndbox>
      <xmin>302</xmin>
      <ymin>226</ymin>
      <xmax>338</xmax>
      <ymax>273</ymax>
    </bndbox>
  </object>
  <object>
    <name>6</name>
    <difficult>0</difficult>
    <bndbox>
      <xmin>336</xmin>
      <ymin>285</ymin>
      <xmax>384</xmax>
      <ymax>326</ymax>
    </bndbox>
  </object>
  <object>
    <name>8</name>
    <difficult>0</difficult>
    <bndbox>
      <xmin>284</xmin>
      <ymin>185</ymin>
      <xmax>388</xmax>
      <ymax>245</ymax>
    </bndbox>
  </object>
  <object>
    <name>2</name>
    <difficult>0</difficult>
    <bndbox>
      <xmin>354</xmin>
      <ymin>237</ymin>
      <xmax>407</xmax>
      <ymax>280</ymax>
    </bndbox>
  </object>
</annotation>
