<?xml version='1.0' encoding='UTF-8'?>
<annotation>
  <filename>00531.png</filename>
  <object_num>6</object_num>
  <size>
    <width>640</width>
    <height>480</height>
  </size>
  <object>
    <name>5</name>
    <difficult>0</difficult>
    <bndbox>
      <xmin>257</xmin>
      <ymin>225</ymin>
      <xmax>290</xmax>
      <ymax>264</ymax>
    </bndbox>
  </object>
  <object>
    <name>7</name>
    <difficult>0</difficult>
    <bndbox>
      <xmin>279</xmin>
      <ymin>245</ymin>
      <xmax>309</xmax>
      <ymax>294</ymax>
    </bndbox>
  </object>
  <object>
    <name>5</name>
    <difficult>0</difficult>
    <bndbox>
      <xmin>305</xmin>
      <ymin>225</ymin>
      <xmax>340</xmax>
      <ymax>273</ymax>
    </bndbox>
  </object>
  <object>
    <name>8</name>
    <difficult>0</difficult>
    <bndbox>
      <xmin>280</xmin>
      <ymin>184</ymin>
      <xmax>381</xmax>
      <ymax>242</ymax>
    </bndbox>
  </object>
  <object>
    <name>6</name>
    <difficult>0</difficult>
    <bndbox>
      <xmin>346</xmin>
      <ymin>285</ymin>
      <xmax>402</xmax>
      <ymax>319</ymax>
    </bndbox>
  </object>
  <object>
    <name>2</name>
    <difficult>0</difficult>
    <bndbox>
      <xmin>357</xmin>
      <ymin>231</ymin>
      <xmax>409</xmax>
      <ymax>277</ymax>
    </bndbox>
  </object>
</annotation>
