<?xml version='1.0' encoding='UTF-8'?>
<annotation>
  <filename>00539.png</filename>
  <object_num>6</object_num>
  <size>
    <width>640</width>
    <height>480</height>
  </size>
  <object>
    <name>6</name>
    <difficult>0</difficult>
    <bndbox>
      <xmin>333</xmin>
      <ymin>285</ymin>
      <xmax>377</xmax>
      <ymax>327</ymax>
    </bndbox>
  </object>
  <object>
    <name>5</name>
    <difficult>0</difficult>
    <bndbox>
      <xmin>262</xmin>
      <ymin>218</ymin>
      <xmax>293</xmax>
      <ymax>255</ymax>
    </bndbox>
  </object>
  <object>
    <name>7</name>
    <difficult>0</difficult>
    <bndbox>
      <xmin>269</xmin>
      <ymin>241</ymin>
      <xmax>300</xmax>
      <ymax>286</ymax>
    </bndbox>
  </object>
  <object>
    <name>5</name>
    <difficult>0</difficult>
    <bndbox>
      <xmin>303</xmin>
      <ymin>225</ymin>
      <xmax>338</xmax>
      <ymax>273</ymax>
    </bndbox>
  </object>
  <object>
    <name>2</name>
    <difficult>0</difficult>
    <bndbox>
      <xmin>353</xmin>
      <ymin>239</ymin>
      <xmax>406</xmax>
      <ymax>281</ymax>
    </bndbox>
  </object>
  <object>
    <name>8</name>
    <difficult>0</difficult>
    <bndbox>
      <xmin>287</xmin>
      <ymin>185</ymin>
      <xmax>392</xmax>
      <ymax>245</ymax>
    </bndbox>
  </object>
</annotation>
