<?xml version='1.0' encoding='UTF-8'?>
<annotation>
  <filename>00557.png</filename>
  <object_num>7</object_num>
  <size>
    <width>640</width>
    <height>480</height>
  </size>
  <object>
    <name>5</name>
    <difficult>0</difficult>
    <bndbox>
      <xmin>293</xmin>
      <ymin>161</ymin>
      <xmax>328</xmax>
      <ymax>198</ymax>
    </bndbox>
  </object>
  <object>
    <name>4</name>
    <difficult>0</difficult>
    <bndbox>
      <xmin>305</xmin>
      <ymin>133</ymin>
      <xmax>331</xmax>
      <ymax>217</ymax>
    </bndbox>
  </object>
  <object>
    <name>7</name>
    <difficult>0</difficult>
    <bndbox>
      <xmin>333</xmin>
      <ymin>153</ymin>
      <xmax>357</xmax>
      <ymax>196</ymax>
    </bndbox>
  </object>
  <object>
    <name>3</name>
    <difficult>0</difficult>
    <bndbox>
      <xmin>339</xmin>
      <ymin>196</ymin>
      <xmax>368</xmax>
      <ymax>221</ymax>
    </bndbox>
  </object>
  <object>
    <name>6</name>
    <difficult>0</difficult>
    <bndbox>
      <xmin>398</xmin>
      <ymin>179</ymin>
      <xmax>406</xmax>
      <ymax>204</ymax>
    </bndbox>
  </object>
  <object>
    <name>2</name>
    <difficult>0</difficult>
    <bndbox>
      <xmin>351</xmin>
      <ymin>147</ymin>
      <xmax>385</xmax>
      <ymax>177</ymax>
    </bndbox>
  </object>
  <object>
    <name>8</name>
    <difficult>0</difficult>
    <bndbox>
      <xmin>307</xmin>
      <ymin>104</ymin>
      <xmax>330</xmax>
      <ymax>172</ymax>
    </bndbox>
  </object>
</annotation>
