<?xml version='1.0' encoding='UTF-8'?>
<annotation>
  <filename>00583.png</filename>
  <object_num>7</object_num>
  <size>
    <width>640</width>
    <height>480</height>
  </size>
  <object>
    <name>4</name>
    <difficult>0</difficult>
    <bndbox>
      <xmin>275</xmin>
      <ymin>123</ymin>
      <xmax>304</xmax>
      <ymax>202</ymax>
    </bndbox>
  </object>
  <object>
    <name>5</name>
    <difficult>0</difficult>
    <bndbox>
      <xmin>299</xmin>
      <ymin>151</ymin>
      <xmax>324</xmax>
      <ymax>186</ymax>
    </bndbox>
  </object>
  <object>
    <name>3</name>
    <difficult>0</difficult>
    <bndbox>
      <xmin>298</xmin>
      <ymin>193</ymin>
      <xmax>328</xmax>
      <ymax>216</ymax>
    </bndbox>
  </object>
  <object>
    <name>7</name>
    <difficult>0</difficult>
    <bndbox>
      <xmin>323</xmin>
      <ymin>154</ymin>
      <xmax>348</xmax>
      <ymax>197</ymax>
    </bndbox>
  </object>
  <object>
    <name>8</name>
    <difficult>0</difficult>
    <bndbox>
      <xmin>341</xmin>
      <ymin>102</ymin>
      <xmax>366</xmax>
      <ymax>169</ymax>
    </bndbox>
  </object>
  <object>
    <name>2</name>
    <difficult>0</difficult>
    <bndbox>
      <xmin>362</xmin>
      <ymin>158</ymin>
      <xmax>400</xmax>
      <ymax>190</ymax>
    </bndbox>
  </object>
  <object>
    <name>6</name>
    <difficult>0</difficult>
    <bndbox>
      <xmin>359</xmin>
      <ymin>198</ymin>
      <xmax>394</xmax>
      <ymax>221</ymax>
    </bndbox>
  </object>
</annotation>
