<?xml version='1.0' encoding='UTF-8'?>
<annotation>
  <filename>00581.png</filename>
  <object_num>7</object_num>
  <size>
    <width>640</width>
    <height>480</height>
  </size>
  <object>
    <name>4</name>
    <difficult>0</difficult>
    <bndbox>
      <xmin>277</xmin>
      <ymin>123</ymin>
      <xmax>303</xmax>
      <ymax>203</ymax>
    </bndbox>
  </object>
  <object>
    <name>5</name>
    <difficult>0</difficult>
    <bndbox>
      <xmin>298</xmin>
      <ymin>151</ymin>
      <xmax>323</xmax>
      <ymax>187</ymax>
    </bndbox>
  </object>
  <object>
    <name>3</name>
    <difficult>0</difficult>
    <bndbox>
      <xmin>301</xmin>
      <ymin>194</ymin>
      <xmax>329</xmax>
      <ymax>218</ymax>
    </bndbox>
  </object>
  <object>
    <name>7</name>
    <difficult>0</difficult>
    <bndbox>
      <xmin>323</xmin>
      <ymin>153</ymin>
      <xmax>348</xmax>
      <ymax>196</ymax>
    </bndbox>
  </object>
  <object>
    <name>8</name>
    <difficult>0</difficult>
    <bndbox>
      <xmin>337</xmin>
      <ymin>101</ymin>
      <xmax>361</xmax>
      <ymax>168</ymax>
    </bndbox>
  </object>
  <object>
    <name>2</name>
    <difficult>0</difficult>
    <bndbox>
      <xmin>361</xmin>
      <ymin>157</ymin>
      <xmax>399</xmax>
      <ymax>186</ymax>
    </bndbox>
  </object>
  <object>
    <name>6</name>
    <difficult>0</difficult>
    <bndbox>
      <xmin>364</xmin>
      <ymin>197</ymin>
      <xmax>396</xmax>
      <ymax>220</ymax>
    </bndbox>
  </object>
</annotation>
