<?xml version='1.0' encoding='UTF-8'?>
<annotation>
  <filename>00585.png</filename>
  <object_num>7</object_num>
  <size>
    <width>640</width>
    <height>480</height>
  </size>
  <object>
    <name>4</name>
    <difficult>0</difficult>
    <bndbox>
      <xmin>274</xmin>
      <ymin>121</ymin>
      <xmax>302</xmax>
      <ymax>201</ymax>
    </bndbox>
  </object>
  <object>
    <name>5</name>
    <difficult>0</difficult>
    <bndbox>
      <xmin>297</xmin>
      <ymin>150</ymin>
      <xmax>325</xmax>
      <ymax>186</ymax>
    </bndbox>
  </object>
  <object>
    <name>3</name>
    <difficult>0</difficult>
    <bndbox>
      <xmin>296</xmin>
      <ymin>193</ymin>
      <xmax>327</xmax>
      <ymax>216</ymax>
    </bndbox>
  </object>
  <object>
    <name>7</name>
    <difficult>0</difficult>
    <bndbox>
      <xmin>323</xmin>
      <ymin>153</ymin>
      <xmax>345</xmax>
      <ymax>195</ymax>
    </bndbox>
  </object>
  <object>
    <name>8</name>
    <difficult>0</difficult>
    <bndbox>
      <xmin>343</xmin>
      <ymin>102</ymin>
      <xmax>368</xmax>
      <ymax>170</ymax>
    </bndbox>
  </object>
  <object>
    <name>2</name>
    <difficult>0</difficult>
    <bndbox>
      <xmin>362</xmin>
      <ymin>159</ymin>
      <xmax>397</xmax>
      <ymax>190</ymax>
    </bndbox>
  </object>
  <object>
    <name>6</name>
    <difficult>0</difficult>
    <bndbox>
      <xmin>355</xmin>
      <ymin>200</ymin>
      <xmax>393</xmax>
      <ymax>222</ymax>
    </bndbox>
  </object>
</annotation>
