<?xml version='1.0' encoding='UTF-8'?>
<annotation>
  <filename>00589.png</filename>
  <object_num>7</object_num>
  <size>
    <width>640</width>
    <height>480</height>
  </size>
  <object>
    <name>4</name>
    <difficult>0</difficult>
    <bndbox>
      <xmin>273</xmin>
      <ymin>119</ymin>
      <xmax>301</xmax>
      <ymax>198</ymax>
    </bndbox>
  </object>
  <object>
    <name>3</name>
    <difficult>0</difficult>
    <bndbox>
      <xmin>290</xmin>
      <ymin>192</ymin>
      <xmax>322</xmax>
      <ymax>215</ymax>
    </bndbox>
  </object>
  <object>
    <name>5</name>
    <difficult>0</difficult>
    <bndbox>
      <xmin>299</xmin>
      <ymin>148</ymin>
      <xmax>326</xmax>
      <ymax>183</ymax>
    </bndbox>
  </object>
  <object>
    <name>7</name>
    <difficult>0</difficult>
    <bndbox>
      <xmin>322</xmin>
      <ymin>153</ymin>
      <xmax>345</xmax>
      <ymax>196</ymax>
    </bndbox>
  </object>
  <object>
    <name>8</name>
    <difficult>0</difficult>
    <bndbox>
      <xmin>349</xmin>
      <ymin>103</ymin>
      <xmax>373</xmax>
      <ymax>171</ymax>
    </bndbox>
  </object>
  <object>
    <name>2</name>
    <difficult>0</difficult>
    <bndbox>
      <xmin>360</xmin>
      <ymin>160</ymin>
      <xmax>399</xmax>
      <ymax>192</ymax>
    </bndbox>
  </object>
  <object>
    <name>6</name>
    <difficult>0</difficult>
    <bndbox>
      <xmin>347</xmin>
      <ymin>203</ymin>
      <xmax>389</xmax>
      <ymax>222</ymax>
    </bndbox>
  </object>
</annotation>
