<?xml version='1.0' encoding='UTF-8'?>
<annotation>
  <filename>00595.png</filename>
  <object_num>7</object_num>
  <size>
    <width>640</width>
    <height>480</height>
  </size>
  <object>
    <name>4</name>
    <difficult>0</difficult>
    <bndbox>
      <xmin>272</xmin>
      <ymin>116</ymin>
      <xmax>298</xmax>
      <ymax>192</ymax>
    </bndbox>
  </object>
  <object>
    <name>3</name>
    <difficult>0</difficult>
    <bndbox>
      <xmin>283</xmin>
      <ymin>188</ymin>
      <xmax>316</xmax>
      <ymax>210</ymax>
    </bndbox>
  </object>
  <object>
    <name>5</name>
    <difficult>0</difficult>
    <bndbox>
      <xmin>302</xmin>
      <ymin>147</ymin>
      <xmax>329</xmax>
      <ymax>182</ymax>
    </bndbox>
  </object>
  <object>
    <name>7</name>
    <difficult>0</difficult>
    <bndbox>
      <xmin>319</xmin>
      <ymin>151</ymin>
      <xmax>343</xmax>
      <ymax>195</ymax>
    </bndbox>
  </object>
  <object>
    <name>8</name>
    <difficult>0</difficult>
    <bndbox>
      <xmin>355</xmin>
      <ymin>108</ymin>
      <xmax>381</xmax>
      <ymax>173</ymax>
    </bndbox>
  </object>
  <object>
    <name>2</name>
    <difficult>0</difficult>
    <bndbox>
      <xmin>360</xmin>
      <ymin>163</ymin>
      <xmax>399</xmax>
      <ymax>195</ymax>
    </bndbox>
  </object>
  <object>
    <name>6</name>
    <difficult>0</difficult>
    <bndbox>
      <xmin>333</xmin>
      <ymin>205</ymin>
      <xmax>380</xmax>
      <ymax>222</ymax>
    </bndbox>
  </object>
</annotation>
