<?xml version='1.0' encoding='UTF-8'?>
<annotation>
  <filename>00599.png</filename>
  <object_num>7</object_num>
  <size>
    <width>640</width>
    <height>480</height>
  </size>
  <object>
    <name>4</name>
    <difficult>0</difficult>
    <bndbox>
      <xmin>273</xmin>
      <ymin>113</ymin>
      <xmax>299</xmax>
      <ymax>190</ymax>
    </bndbox>
  </object>
  <object>
    <name>3</name>
    <difficult>0</difficult>
    <bndbox>
      <xmin>279</xmin>
      <ymin>187</ymin>
      <xmax>312</xmax>
      <ymax>208</ymax>
    </bndbox>
  </object>
  <object>
    <name>5</name>
    <difficult>0</difficult>
    <bndbox>
      <xmin>304</xmin>
      <ymin>146</ymin>
      <xmax>331</xmax>
      <ymax>181</ymax>
    </bndbox>
  </object>
  <object>
    <name>7</name>
    <difficult>0</difficult>
    <bndbox>
      <xmin>319</xmin>
      <ymin>152</ymin>
      <xmax>341</xmax>
      <ymax>194</ymax>
    </bndbox>
  </object>
  <object>
    <name>6</name>
    <difficult>0</difficult>
    <bndbox>
      <xmin>324</xmin>
      <ymin>207</ymin>
      <xmax>374</xmax>
      <ymax>223</ymax>
    </bndbox>
  </object>
  <object>
    <name>2</name>
    <difficult>0</difficult>
    <bndbox>
      <xmin>358</xmin>
      <ymin>165</ymin>
      <xmax>398</xmax>
      <ymax>195</ymax>
    </bndbox>
  </object>
  <object>
    <name>8</name>
    <difficult>0</difficult>
    <bndbox>
      <xmin>359</xmin>
      <ymin>104</ymin>
      <xmax>384</xmax>
      <ymax>175</ymax>
    </bndbox>
  </object>
</annotation>
