<?xml version='1.0' encoding='UTF-8'?>
<annotation>
  <filename>00593.png</filename>
  <object_num>7</object_num>
  <size>
    <width>640</width>
    <height>480</height>
  </size>
  <object>
    <name>4</name>
    <difficult>0</difficult>
    <bndbox>
      <xmin>272</xmin>
      <ymin>116</ymin>
      <xmax>299</xmax>
      <ymax>194</ymax>
    </bndbox>
  </object>
  <object>
    <name>3</name>
    <difficult>0</difficult>
    <bndbox>
      <xmin>285</xmin>
      <ymin>188</ymin>
      <xmax>317</xmax>
      <ymax>212</ymax>
    </bndbox>
  </object>
  <object>
    <name>5</name>
    <difficult>0</difficult>
    <bndbox>
      <xmin>301</xmin>
      <ymin>148</ymin>
      <xmax>326</xmax>
      <ymax>182</ymax>
    </bndbox>
  </object>
  <object>
    <name>7</name>
    <difficult>0</difficult>
    <bndbox>
      <xmin>320</xmin>
      <ymin>152</ymin>
      <xmax>343</xmax>
      <ymax>195</ymax>
    </bndbox>
  </object>
  <object>
    <name>6</name>
    <difficult>0</difficult>
    <bndbox>
      <xmin>338</xmin>
      <ymin>204</ymin>
      <xmax>383</xmax>
      <ymax>223</ymax>
    </bndbox>
  </object>
  <object>
    <name>2</name>
    <difficult>0</difficult>
    <bndbox>
      <xmin>361</xmin>
      <ymin>162</ymin>
      <xmax>399</xmax>
      <ymax>193</ymax>
    </bndbox>
  </object>
  <object>
    <name>8</name>
    <difficult>0</difficult>
    <bndbox>
      <xmin>353</xmin>
      <ymin>103</ymin>
      <xmax>378</xmax>
      <ymax>170</ymax>
    </bndbox>
  </object>
</annotation>
