<?xml version='1.0' encoding='UTF-8'?>
<annotation>
  <filename>00591.png</filename>
  <object_num>7</object_num>
  <size>
    <width>640</width>
    <height>480</height>
  </size>
  <object>
    <name>4</name>
    <difficult>0</difficult>
    <bndbox>
      <xmin>272</xmin>
      <ymin>118</ymin>
      <xmax>300</xmax>
      <ymax>196</ymax>
    </bndbox>
  </object>
  <object>
    <name>3</name>
    <difficult>0</difficult>
    <bndbox>
      <xmin>287</xmin>
      <ymin>190</ymin>
      <xmax>319</xmax>
      <ymax>213</ymax>
    </bndbox>
  </object>
  <object>
    <name>5</name>
    <difficult>0</difficult>
    <bndbox>
      <xmin>300</xmin>
      <ymin>149</ymin>
      <xmax>327</xmax>
      <ymax>183</ymax>
    </bndbox>
  </object>
  <object>
    <name>7</name>
    <difficult>0</difficult>
    <bndbox>
      <xmin>322</xmin>
      <ymin>154</ymin>
      <xmax>343</xmax>
      <ymax>196</ymax>
    </bndbox>
  </object>
  <object>
    <name>8</name>
    <difficult>0</difficult>
    <bndbox>
      <xmin>351</xmin>
      <ymin>104</ymin>
      <xmax>375</xmax>
      <ymax>172</ymax>
    </bndbox>
  </object>
  <object>
    <name>2</name>
    <difficult>0</difficult>
    <bndbox>
      <xmin>361</xmin>
      <ymin>162</ymin>
      <xmax>400</xmax>
      <ymax>193</ymax>
    </bndbox>
  </object>
  <object>
    <name>6</name>
    <difficult>0</difficult>
    <bndbox>
      <xmin>343</xmin>
      <ymin>204</ymin>
      <xmax>385</xmax>
      <ymax>223</ymax>
    </bndbox>
  </object>
</annotation>
