<?xml version='1.0' encoding='UTF-8'?>
<annotation>
  <filename>00603.png</filename>
  <object_num>5</object_num>
  <size>
    <width>640</width>
    <height>480</height>
  </size>
  <object>
    <name>8</name>
    <difficult>0</difficult>
    <bndbox>
      <xmin>272</xmin>
      <ymin>160</ymin>
      <xmax>335</xmax>
      <ymax>221</ymax>
    </bndbox>
  </object>
  <object>
    <name>7</name>
    <difficult>0</difficult>
    <bndbox>
      <xmin>294</xmin>
      <ymin>147</ymin>
      <xmax>317</xmax>
      <ymax>185</ymax>
    </bndbox>
  </object>
  <object>
    <name>5</name>
    <difficult>0</difficult>
    <bndbox>
      <xmin>328</xmin>
      <ymin>136</ymin>
      <xmax>360</xmax>
      <ymax>173</ymax>
    </bndbox>
  </object>
  <object>
    <name>8</name>
    <difficult>0</difficult>
    <bndbox>
      <xmin>351</xmin>
      <ymin>124</ymin>
      <xmax>377</xmax>
      <ymax>197</ymax>
    </bndbox>
  </object>
  <object>
    <name>4</name>
    <difficult>0</difficult>
    <bndbox>
      <xmin>380</xmin>
      <ymin>107</ymin>
      <xmax>407</xmax>
      <ymax>185</ymax>
    </bndbox>
  </object>
</annotation>
