<?xml version='1.0' encoding='UTF-8'?>
<annotation>
  <filename>00601.png</filename>
  <object_num>5</object_num>
  <size>
    <width>640</width>
    <height>480</height>
  </size>
  <object>
    <name>8</name>
    <difficult>0</difficult>
    <bndbox>
      <xmin>272</xmin>
      <ymin>159</ymin>
      <xmax>337</xmax>
      <ymax>224</ymax>
    </bndbox>
  </object>
  <object>
    <name>7</name>
    <difficult>0</difficult>
    <bndbox>
      <xmin>293</xmin>
      <ymin>147</ymin>
      <xmax>316</xmax>
      <ymax>187</ymax>
    </bndbox>
  </object>
  <object>
    <name>5</name>
    <difficult>0</difficult>
    <bndbox>
      <xmin>326</xmin>
      <ymin>134</ymin>
      <xmax>357</xmax>
      <ymax>174</ymax>
    </bndbox>
  </object>
  <object>
    <name>8</name>
    <difficult>0</difficult>
    <bndbox>
      <xmin>351</xmin>
      <ymin>123</ymin>
      <xmax>377</xmax>
      <ymax>196</ymax>
    </bndbox>
  </object>
  <object>
    <name>4</name>
    <difficult>0</difficult>
    <bndbox>
      <xmin>379</xmin>
      <ymin>108</ymin>
      <xmax>404</xmax>
      <ymax>183</ymax>
    </bndbox>
  </object>
</annotation>
