<?xml version='1.0' encoding='UTF-8'?>
<annotation>
  <filename>00605.png</filename>
  <object_num>5</object_num>
  <size>
    <width>640</width>
    <height>480</height>
  </size>
  <object>
    <name>8</name>
    <difficult>0</difficult>
    <bndbox>
      <xmin>271</xmin>
      <ymin>158</ymin>
      <xmax>330</xmax>
      <ymax>220</ymax>
    </bndbox>
  </object>
  <object>
    <name>7</name>
    <difficult>0</difficult>
    <bndbox>
      <xmin>296</xmin>
      <ymin>146</ymin>
      <xmax>317</xmax>
      <ymax>185</ymax>
    </bndbox>
  </object>
  <object>
    <name>5</name>
    <difficult>0</difficult>
    <bndbox>
      <xmin>331</xmin>
      <ymin>136</ymin>
      <xmax>360</xmax>
      <ymax>173</ymax>
    </bndbox>
  </object>
  <object>
    <name>8</name>
    <difficult>0</difficult>
    <bndbox>
      <xmin>350</xmin>
      <ymin>122</ymin>
      <xmax>375</xmax>
      <ymax>198</ymax>
    </bndbox>
  </object>
  <object>
    <name>4</name>
    <difficult>0</difficult>
    <bndbox>
      <xmin>380</xmin>
      <ymin>109</ymin>
      <xmax>405</xmax>
      <ymax>188</ymax>
    </bndbox>
  </object>
</annotation>
