<?xml version='1.0' encoding='UTF-8'?>
<annotation>
  <filename>00611.png</filename>
  <object_num>6</object_num>
  <size>
    <width>640</width>
    <height>480</height>
  </size>
  <object>
    <name>8</name>
    <difficult>0</difficult>
    <bndbox>
      <xmin>266</xmin>
      <ymin>156</ymin>
      <xmax>317</xmax>
      <ymax>214</ymax>
    </bndbox>
  </object>
  <object>
    <name>7</name>
    <difficult>0</difficult>
    <bndbox>
      <xmin>296</xmin>
      <ymin>143</ymin>
      <xmax>319</xmax>
      <ymax>184</ymax>
    </bndbox>
  </object>
  <object>
    <name>6</name>
    <difficult>0</difficult>
    <bndbox>
      <xmin>301</xmin>
      <ymin>152</ymin>
      <xmax>335</xmax>
      <ymax>164</ymax>
    </bndbox>
  </object>
  <object>
    <name>5</name>
    <difficult>0</difficult>
    <bndbox>
      <xmin>338</xmin>
      <ymin>138</ymin>
      <xmax>372</xmax>
      <ymax>172</ymax>
    </bndbox>
  </object>
  <object>
    <name>8</name>
    <difficult>0</difficult>
    <bndbox>
      <xmin>345</xmin>
      <ymin>125</ymin>
      <xmax>373</xmax>
      <ymax>199</ymax>
    </bndbox>
  </object>
  <object>
    <name>4</name>
    <difficult>0</difficult>
    <bndbox>
      <xmin>383</xmin>
      <ymin>113</ymin>
      <xmax>408</xmax>
      <ymax>193</ymax>
    </bndbox>
  </object>
</annotation>
