<?xml version='1.0' encoding='UTF-8'?>
<annotation>
  <filename>00613.png</filename>
  <object_num>5</object_num>
  <size>
    <width>640</width>
    <height>480</height>
  </size>
  <object>
    <name>8</name>
    <difficult>0</difficult>
    <bndbox>
      <xmin>262</xmin>
      <ymin>158</ymin>
      <xmax>311</xmax>
      <ymax>210</ymax>
    </bndbox>
  </object>
  <object>
    <name>7</name>
    <difficult>0</difficult>
    <bndbox>
      <xmin>299</xmin>
      <ymin>143</ymin>
      <xmax>320</xmax>
      <ymax>184</ymax>
    </bndbox>
  </object>
  <object>
    <name>6</name>
    <difficult>0</difficult>
    <bndbox>
      <xmin>303</xmin>
      <ymin>152</ymin>
      <xmax>340</xmax>
      <ymax>164</ymax>
    </bndbox>
  </object>
  <object>
    <name>8</name>
    <difficult>0</difficult>
    <bndbox>
      <xmin>342</xmin>
      <ymin>125</ymin>
      <xmax>371</xmax>
      <ymax>200</ymax>
    </bndbox>
  </object>
  <object>
    <name>4</name>
    <difficult>0</difficult>
    <bndbox>
      <xmin>382</xmin>
      <ymin>115</ymin>
      <xmax>409</xmax>
      <ymax>192</ymax>
    </bndbox>
  </object>
</annotation>
