<?xml version='1.0' encoding='UTF-8'?>
<annotation>
  <filename>00619.png</filename>
  <object_num>6</object_num>
  <size>
    <width>640</width>
    <height>480</height>
  </size>
  <object>
    <name>8</name>
    <difficult>0</difficult>
    <bndbox>
      <xmin>257</xmin>
      <ymin>153</ymin>
      <xmax>314</xmax>
      <ymax>202</ymax>
    </bndbox>
  </object>
  <object>
    <name>7</name>
    <difficult>0</difficult>
    <bndbox>
      <xmin>301</xmin>
      <ymin>140</ymin>
      <xmax>324</xmax>
      <ymax>180</ymax>
    </bndbox>
  </object>
  <object>
    <name>6</name>
    <difficult>0</difficult>
    <bndbox>
      <xmin>307</xmin>
      <ymin>152</ymin>
      <xmax>350</xmax>
      <ymax>162</ymax>
    </bndbox>
  </object>
  <object>
    <name>8</name>
    <difficult>0</difficult>
    <bndbox>
      <xmin>339</xmin>
      <ymin>127</ymin>
      <xmax>366</xmax>
      <ymax>201</ymax>
    </bndbox>
  </object>
  <object>
    <name>5</name>
    <difficult>0</difficult>
    <bndbox>
      <xmin>352</xmin>
      <ymin>139</ymin>
      <xmax>379</xmax>
      <ymax>176</ymax>
    </bndbox>
  </object>
  <object>
    <name>4</name>
    <difficult>0</difficult>
    <bndbox>
      <xmin>382</xmin>
      <ymin>118</ymin>
      <xmax>409</xmax>
      <ymax>197</ymax>
    </bndbox>
  </object>
</annotation>
