<?xml version='1.0' encoding='UTF-8'?>
<annotation>
  <filename>00623.png</filename>
  <object_num>6</object_num>
  <size>
    <width>640</width>
    <height>480</height>
  </size>
  <object>
    <name>8</name>
    <difficult>0</difficult>
    <bndbox>
      <xmin>254</xmin>
      <ymin>151</ymin>
      <xmax>310</xmax>
      <ymax>199</ymax>
    </bndbox>
  </object>
  <object>
    <name>7</name>
    <difficult>0</difficult>
    <bndbox>
      <xmin>304</xmin>
      <ymin>139</ymin>
      <xmax>327</xmax>
      <ymax>180</ymax>
    </bndbox>
  </object>
  <object>
    <name>6</name>
    <difficult>0</difficult>
    <bndbox>
      <xmin>318</xmin>
      <ymin>154</ymin>
      <xmax>353</xmax>
      <ymax>161</ymax>
    </bndbox>
  </object>
  <object>
    <name>8</name>
    <difficult>0</difficult>
    <bndbox>
      <xmin>336</xmin>
      <ymin>128</ymin>
      <xmax>363</xmax>
      <ymax>202</ymax>
    </bndbox>
  </object>
  <object>
    <name>5</name>
    <difficult>0</difficult>
    <bndbox>
      <xmin>356</xmin>
      <ymin>139</ymin>
      <xmax>387</xmax>
      <ymax>178</ymax>
    </bndbox>
  </object>
  <object>
    <name>4</name>
    <difficult>0</difficult>
    <bndbox>
      <xmin>380</xmin>
      <ymin>122</ymin>
      <xmax>405</xmax>
      <ymax>201</ymax>
    </bndbox>
  </object>
</annotation>
