<?xml version='1.0' encoding='UTF-8'?>
<annotation>
  <filename>00627.png</filename>
  <object_num>5</object_num>
  <size>
    <width>640</width>
    <height>480</height>
  </size>
  <object>
    <name>8</name>
    <difficult>0</difficult>
    <bndbox>
      <xmin>253</xmin>
      <ymin>149</ymin>
      <xmax>312</xmax>
      <ymax>193</ymax>
    </bndbox>
  </object>
  <object>
    <name>7</name>
    <difficult>0</difficult>
    <bndbox>
      <xmin>308</xmin>
      <ymin>138</ymin>
      <xmax>329</xmax>
      <ymax>179</ymax>
    </bndbox>
  </object>
  <object>
    <name>8</name>
    <difficult>0</difficult>
    <bndbox>
      <xmin>334</xmin>
      <ymin>128</ymin>
      <xmax>361</xmax>
      <ymax>203</ymax>
    </bndbox>
  </object>
  <object>
    <name>5</name>
    <difficult>0</difficult>
    <bndbox>
      <xmin>359</xmin>
      <ymin>142</ymin>
      <xmax>388</xmax>
      <ymax>179</ymax>
    </bndbox>
  </object>
  <object>
    <name>4</name>
    <difficult>0</difficult>
    <bndbox>
      <xmin>377</xmin>
      <ymin>124</ymin>
      <xmax>402</xmax>
      <ymax>204</ymax>
    </bndbox>
  </object>
</annotation>
