<?xml version='1.0' encoding='UTF-8'?>
<annotation>
  <filename>00621.png</filename>
  <object_num>6</object_num>
  <size>
    <width>640</width>
    <height>480</height>
  </size>
  <object>
    <name>8</name>
    <difficult>0</difficult>
    <bndbox>
      <xmin>257</xmin>
      <ymin>151</ymin>
      <xmax>308</xmax>
      <ymax>201</ymax>
    </bndbox>
  </object>
  <object>
    <name>7</name>
    <difficult>0</difficult>
    <bndbox>
      <xmin>303</xmin>
      <ymin>139</ymin>
      <xmax>324</xmax>
      <ymax>180</ymax>
    </bndbox>
  </object>
  <object>
    <name>6</name>
    <difficult>0</difficult>
    <bndbox>
      <xmin>309</xmin>
      <ymin>153</ymin>
      <xmax>345</xmax>
      <ymax>162</ymax>
    </bndbox>
  </object>
  <object>
    <name>8</name>
    <difficult>0</difficult>
    <bndbox>
      <xmin>338</xmin>
      <ymin>127</ymin>
      <xmax>365</xmax>
      <ymax>202</ymax>
    </bndbox>
  </object>
  <object>
    <name>5</name>
    <difficult>0</difficult>
    <bndbox>
      <xmin>354</xmin>
      <ymin>139</ymin>
      <xmax>382</xmax>
      <ymax>177</ymax>
    </bndbox>
  </object>
  <object>
    <name>4</name>
    <difficult>0</difficult>
    <bndbox>
      <xmin>379</xmin>
      <ymin>119</ymin>
      <xmax>407</xmax>
      <ymax>200</ymax>
    </bndbox>
  </object>
</annotation>
