<?xml version='1.0' encoding='UTF-8'?>
<annotation>
  <filename>00631.png</filename>
  <object_num>5</object_num>
  <size>
    <width>640</width>
    <height>480</height>
  </size>
  <object>
    <name>8</name>
    <difficult>0</difficult>
    <bndbox>
      <xmin>253</xmin>
      <ymin>146</ymin>
      <xmax>311</xmax>
      <ymax>189</ymax>
    </bndbox>
  </object>
  <object>
    <name>7</name>
    <difficult>0</difficult>
    <bndbox>
      <xmin>312</xmin>
      <ymin>137</ymin>
      <xmax>331</xmax>
      <ymax>176</ymax>
    </bndbox>
  </object>
  <object>
    <name>8</name>
    <difficult>0</difficult>
    <bndbox>
      <xmin>331</xmin>
      <ymin>129</ymin>
      <xmax>357</xmax>
      <ymax>204</ymax>
    </bndbox>
  </object>
  <object>
    <name>5</name>
    <difficult>0</difficult>
    <bndbox>
      <xmin>362</xmin>
      <ymin>144</ymin>
      <xmax>389</xmax>
      <ymax>181</ymax>
    </bndbox>
  </object>
  <object>
    <name>4</name>
    <difficult>0</difficult>
    <bndbox>
      <xmin>372</xmin>
      <ymin>126</ymin>
      <xmax>399</xmax>
      <ymax>208</ymax>
    </bndbox>
  </object>
</annotation>
