{"images": [{"file_name": "00591.png", "height": 480, "width": 640, "id": 1}, {"file_name": "00611.png", "height": 480, "width": 640, "id": 2}, {"file_name": "00585.png", "height": 480, "width": 640, "id": 3}, {"file_name": "00465.png", "height": 480, "width": 640, "id": 4}, {"file_name": "00631.png", "height": 480, "width": 640, "id": 5}, {"file_name": "00557.png", "height": 480, "width": 640, "id": 6}, {"file_name": "00603.png", "height": 480, "width": 640, "id": 7}, {"file_name": "00583.png", "height": 480, "width": 640, "id": 8}, {"file_name": "00537.png", "height": 480, "width": 640, "id": 9}, {"file_name": "00499.png", "height": 480, "width": 640, "id": 10}, {"file_name": "00533.png", "height": 480, "width": 640, "id": 11}, {"file_name": "00605.png", "height": 480, "width": 640, "id": 12}, {"file_name": "00595.png", "height": 480, "width": 640, "id": 13}, {"file_name": "00619.png", "height": 480, "width": 640, "id": 14}, {"file_name": "00491.png", "height": 480, "width": 640, "id": 15}, {"file_name": "00601.png", "height": 480, "width": 640, "id": 16}, {"file_name": "00501.png", "height": 480, "width": 640, "id": 17}, {"file_name": "00623.png", "height": 480, "width": 640, "id": 18}, {"file_name": "00593.png", "height": 480, "width": 640, "id": 19}, {"file_name": "00521.png", "height": 480, "width": 640, "id": 20}, {"file_name": "00495.png", "height": 480, "width": 640, "id": 21}, {"file_name": "00589.png", "height": 480, "width": 640, "id": 22}, {"file_name": "00527.png", "height": 480, "width": 640, "id": 23}, {"file_name": "00483.png", "height": 480, "width": 640, "id": 24}, {"file_name": "00531.png", "height": 480, "width": 640, "id": 25}, {"file_name": "00477.png", "height": 480, "width": 640, "id": 26}, {"file_name": "00469.png", "height": 480, "width": 640, "id": 27}, {"file_name": "00581.png", "height": 480, "width": 640, "id": 28}, {"file_name": "00539.png", "height": 480, "width": 640, "id": 29}, {"file_name": "00485.png", "height": 480, "width": 640, "id": 30}, {"file_name": "00489.png", "height": 480, "width": 640, "id": 31}, {"file_name": "00479.png", "height": 480, "width": 640, "id": 32}, {"file_name": "00621.png", "height": 480, "width": 640, "id": 33}, {"file_name": "00627.png", "height": 480, "width": 640, "id": 34}, {"file_name": "00613.png", "height": 480, "width": 640, "id": 35}, {"file_name": "00599.png", "height": 480, "width": 640, "id": 36}], "annotations": [{"segmentation": null, "area": 1.1, "iscrowd": 0, "bbox": [272, 118, 28, 78], "category_id": 4, "shape": "rect", "meta": {"points": []}, "image_id": 1, "id": 1}, {"segmentation": null, "area": 1.1, "iscrowd": 0, "bbox": [287, 190, 32, 23], "category_id": 5, "shape": "rect", "meta": {"points": []}, "image_id": 1, "id": 2}, {"segmentation": null, "area": 1.1, "iscrowd": 0, "bbox": [300, 149, 27, 34], "category_id": 3, "shape": "rect", "meta": {"points": []}, "image_id": 1, "id": 3}, {"segmentation": null, "area": 1.1, "iscrowd": 0, "bbox": [322, 154, 21, 42], "category_id": 1, "shape": "rect", "meta": {"points": []}, "image_id": 1, "id": 4}, {"segmentation": null, "area": 1.1, "iscrowd": 0, "bbox": [351, 104, 24, 68], "category_id": 0, "shape": "rect", "meta": {"points": []}, "image_id": 1, "id": 5}, {"segmentation": null, "area": 1.1, "iscrowd": 0, "bbox": [361, 162, 39, 31], "category_id": 6, "shape": "rect", "meta": {"points": []}, "image_id": 1, "id": 6}, {"segmentation": null, "area": 1.1, "iscrowd": 0, "bbox": [343, 204, 42, 19], "category_id": 2, "shape": "rect", "meta": {"points": []}, "image_id": 1, "id": 7}, {"segmentation": null, "area": 1.1, "iscrowd": 0, "bbox": [266, 156, 51, 58], "category_id": 0, "shape": "rect", "meta": {"points": []}, "image_id": 2, "id": 8}, {"segmentation": null, "area": 1.1, "iscrowd": 0, "bbox": [296, 143, 23, 41], "category_id": 1, "shape": "rect", "meta": {"points": []}, "image_id": 2, "id": 9}, {"segmentation": null, "area": 1.1, "iscrowd": 0, "bbox": [301, 152, 34, 12], "category_id": 2, "shape": "rect", "meta": {"points": []}, "image_id": 2, "id": 10}, {"segmentation": null, "area": 1.1, "iscrowd": 0, "bbox": [338, 138, 34, 34], "category_id": 3, "shape": "rect", "meta": {"points": []}, "image_id": 2, "id": 11}, {"segmentation": null, "area": 1.1, "iscrowd": 0, "bbox": [345, 125, 28, 74], "category_id": 0, "shape": "rect", "meta": {"points": []}, "image_id": 2, "id": 12}, {"segmentation": null, "area": 1.1, "iscrowd": 0, "bbox": [383, 113, 25, 80], "category_id": 4, "shape": "rect", "meta": {"points": []}, "image_id": 2, "id": 13}, {"segmentation": null, "area": 1.1, "iscrowd": 0, "bbox": [274, 121, 28, 80], "category_id": 4, "shape": "rect", "meta": {"points": []}, "image_id": 3, "id": 14}, {"segmentation": null, "area": 1.1, "iscrowd": 0, "bbox": [297, 150, 28, 36], "category_id": 3, "shape": "rect", "meta": {"points": []}, "image_id": 3, "id": 15}, {"segmentation": null, "area": 1.1, "iscrowd": 0, "bbox": [296, 193, 31, 23], "category_id": 5, "shape": "rect", "meta": {"points": []}, "image_id": 3, "id": 16}, {"segmentation": null, "area": 1.1, "iscrowd": 0, "bbox": [323, 153, 22, 42], "category_id": 1, "shape": "rect", "meta": {"points": []}, "image_id": 3, "id": 17}, {"segmentation": null, "area": 1.1, "iscrowd": 0, "bbox": [343, 102, 25, 68], "category_id": 0, "shape": "rect", "meta": {"points": []}, "image_id": 3, "id": 18}, {"segmentation": null, "area": 1.1, "iscrowd": 0, "bbox": [362, 159, 35, 31], "category_id": 6, "shape": "rect", "meta": {"points": []}, "image_id": 3, "id": 19}, {"segmentation": null, "area": 1.1, "iscrowd": 0, "bbox": [355, 200, 38, 22], "category_id": 2, "shape": "rect", "meta": {"points": []}, "image_id": 3, "id": 20}, {"segmentation": null, "area": 1.1, "iscrowd": 0, "bbox": [260, 218, 34, 45], "category_id": 3, "shape": "rect", "meta": {"points": []}, "image_id": 4, "id": 21}, {"segmentation": null, "area": 1.1, "iscrowd": 0, "bbox": [280, 246, 32, 57], "category_id": 1, "shape": "rect", "meta": {"points": []}, "image_id": 4, "id": 22}, {"segmentation": null, "area": 1.1, "iscrowd": 0, "bbox": [311, 175, 29, 85], "category_id": 7, "shape": "rect", "meta": {"points": []}, "image_id": 4, "id": 23}, {"segmentation": null, "area": 1.1, "iscrowd": 0, "bbox": [318, 283, 63, 11], "category_id": 2, "shape": "rect", "meta": {"points": []}, "image_id": 4, "id": 24}, {"segmentation": null, "area": 1.1, "iscrowd": 0, "bbox": [365, 233, 51, 40], "category_id": 6, "shape": "rect", "meta": {"points": []}, "image_id": 4, "id": 25}, {"segmentation": null, "area": 1.1, "iscrowd": 0, "bbox": [372, 155, 29, 95], "category_id": 4, "shape": "rect", "meta": {"points": []}, "image_id": 4, "id": 26}, {"segmentation": null, "area": 1.1, "iscrowd": 0, "bbox": [253, 146, 58, 43], "category_id": 0, "shape": "rect", "meta": {"points": []}, "image_id": 5, "id": 27}, {"segmentation": null, "area": 1.1, "iscrowd": 0, "bbox": [312, 137, 19, 39], "category_id": 1, "shape": "rect", "meta": {"points": []}, "image_id": 5, "id": 28}, {"segmentation": null, "area": 1.1, "iscrowd": 0, "bbox": [331, 129, 26, 75], "category_id": 0, "shape": "rect", "meta": {"points": []}, "image_id": 5, "id": 29}, {"segmentation": null, "area": 1.1, "iscrowd": 0, "bbox": [362, 144, 27, 37], "category_id": 3, "shape": "rect", "meta": {"points": []}, "image_id": 5, "id": 30}, {"segmentation": null, "area": 1.1, "iscrowd": 0, "bbox": [372, 126, 27, 82], "category_id": 4, "shape": "rect", "meta": {"points": []}, "image_id": 5, "id": 31}, {"segmentation": null, "area": 1.1, "iscrowd": 0, "bbox": [293, 161, 35, 37], "category_id": 3, "shape": "rect", "meta": {"points": []}, "image_id": 6, "id": 32}, {"segmentation": null, "area": 1.1, "iscrowd": 0, "bbox": [305, 133, 26, 84], "category_id": 4, "shape": "rect", "meta": {"points": []}, "image_id": 6, "id": 33}, {"segmentation": null, "area": 1.1, "iscrowd": 0, "bbox": [333, 153, 24, 43], "category_id": 1, "shape": "rect", "meta": {"points": []}, "image_id": 6, "id": 34}, {"segmentation": null, "area": 1.1, "iscrowd": 0, "bbox": [339, 196, 29, 25], "category_id": 5, "shape": "rect", "meta": {"points": []}, "image_id": 6, "id": 35}, {"segmentation": null, "area": 1.1, "iscrowd": 0, "bbox": [398, 179, 8, 25], "category_id": 2, "shape": "rect", "meta": {"points": []}, "image_id": 6, "id": 36}, {"segmentation": null, "area": 1.1, "iscrowd": 0, "bbox": [351, 147, 34, 30], "category_id": 6, "shape": "rect", "meta": {"points": []}, "image_id": 6, "id": 37}, {"segmentation": null, "area": 1.1, "iscrowd": 0, "bbox": [307, 104, 23, 68], "category_id": 0, "shape": "rect", "meta": {"points": []}, "image_id": 6, "id": 38}, {"segmentation": null, "area": 1.1, "iscrowd": 0, "bbox": [272, 160, 63, 61], "category_id": 0, "shape": "rect", "meta": {"points": []}, "image_id": 7, "id": 39}, {"segmentation": null, "area": 1.1, "iscrowd": 0, "bbox": [294, 147, 23, 38], "category_id": 1, "shape": "rect", "meta": {"points": []}, "image_id": 7, "id": 40}, {"segmentation": null, "area": 1.1, "iscrowd": 0, "bbox": [328, 136, 32, 37], "category_id": 3, "shape": "rect", "meta": {"points": []}, "image_id": 7, "id": 41}, {"segmentation": null, "area": 1.1, "iscrowd": 0, "bbox": [351, 124, 26, 73], "category_id": 0, "shape": "rect", "meta": {"points": []}, "image_id": 7, "id": 42}, {"segmentation": null, "area": 1.1, "iscrowd": 0, "bbox": [380, 107, 27, 78], "category_id": 4, "shape": "rect", "meta": {"points": []}, "image_id": 7, "id": 43}, {"segmentation": null, "area": 1.1, "iscrowd": 0, "bbox": [275, 123, 29, 79], "category_id": 4, "shape": "rect", "meta": {"points": []}, "image_id": 8, "id": 44}, {"segmentation": null, "area": 1.1, "iscrowd": 0, "bbox": [299, 151, 25, 35], "category_id": 3, "shape": "rect", "meta": {"points": []}, "image_id": 8, "id": 45}, {"segmentation": null, "area": 1.1, "iscrowd": 0, "bbox": [298, 193, 30, 23], "category_id": 5, "shape": "rect", "meta": {"points": []}, "image_id": 8, "id": 46}, {"segmentation": null, "area": 1.1, "iscrowd": 0, "bbox": [323, 154, 25, 43], "category_id": 1, "shape": "rect", "meta": {"points": []}, "image_id": 8, "id": 47}, {"segmentation": null, "area": 1.1, "iscrowd": 0, "bbox": [341, 102, 25, 67], "category_id": 0, "shape": "rect", "meta": {"points": []}, "image_id": 8, "id": 48}, {"segmentation": null, "area": 1.1, "iscrowd": 0, "bbox": [362, 158, 38, 32], "category_id": 6, "shape": "rect", "meta": {"points": []}, "image_id": 8, "id": 49}, {"segmentation": null, "area": 1.1, "iscrowd": 0, "bbox": [359, 198, 35, 23], "category_id": 2, "shape": "rect", "meta": {"points": []}, "image_id": 8, "id": 50}, {"segmentation": null, "area": 1.1, "iscrowd": 0, "bbox": [260, 219, 33, 38], "category_id": 3, "shape": "rect", "meta": {"points": []}, "image_id": 9, "id": 51}, {"segmentation": null, "area": 1.1, "iscrowd": 0, "bbox": [270, 240, 32, 49], "category_id": 1, "shape": "rect", "meta": {"points": []}, "image_id": 9, "id": 52}, {"segmentation": null, "area": 1.1, "iscrowd": 0, "bbox": [302, 226, 36, 47], "category_id": 3, "shape": "rect", "meta": {"points": []}, "image_id": 9, "id": 53}, {"segmentation": null, "area": 1.1, "iscrowd": 0, "bbox": [336, 285, 48, 41], "category_id": 2, "shape": "rect", "meta": {"points": []}, "image_id": 9, "id": 54}, {"segmentation": null, "area": 1.1, "iscrowd": 0, "bbox": [284, 185, 104, 60], "category_id": 0, "shape": "rect", "meta": {"points": []}, "image_id": 9, "id": 55}, {"segmentation": null, "area": 1.1, "iscrowd": 0, "bbox": [354, 237, 53, 43], "category_id": 6, "shape": "rect", "meta": {"points": []}, "image_id": 9, "id": 56}, {"segmentation": null, "area": 1.1, "iscrowd": 0, "bbox": [249, 210, 32, 52], "category_id": 1, "shape": "rect", "meta": {"points": []}, "image_id": 10, "id": 57}, {"segmentation": null, "area": 1.1, "iscrowd": 0, "bbox": [292, 195, 31, 43], "category_id": 3, "shape": "rect", "meta": {"points": []}, "image_id": 10, "id": 58}, {"segmentation": null, "area": 1.1, "iscrowd": 0, "bbox": [282, 261, 27, 38], "category_id": 2, "shape": "rect", "meta": {"points": []}, "image_id": 10, "id": 59}, {"segmentation": null, "area": 1.1, "iscrowd": 0, "bbox": [322, 175, 28, 82], "category_id": 7, "shape": "rect", "meta": {"points": []}, "image_id": 10, "id": 60}, {"segmentation": null, "area": 1.1, "iscrowd": 0, "bbox": [328, 255, 52, 43], "category_id": 6, "shape": "rect", "meta": {"points": []}, "image_id": 10, "id": 61}, {"segmentation": null, "area": 1.1, "iscrowd": 0, "bbox": [355, 224, 30, 36], "category_id": 5, "shape": "rect", "meta": {"points": []}, "image_id": 10, "id": 62}, {"segmentation": null, "area": 1.1, "iscrowd": 0, "bbox": [378, 183, 35, 97], "category_id": 4, "shape": "rect", "meta": {"points": []}, "image_id": 10, "id": 63}, {"segmentation": null, "area": 1.1, "iscrowd": 0, "bbox": [258, 224, 31, 37], "category_id": 3, "shape": "rect", "meta": {"points": []}, "image_id": 11, "id": 64}, {"segmentation": null, "area": 1.1, "iscrowd": 0, "bbox": [275, 243, 31, 50], "category_id": 1, "shape": "rect", "meta": {"points": []}, "image_id": 11, "id": 65}, {"segmentation": null, "area": 1.1, "iscrowd": 0, "bbox": [305, 228, 35, 47], "category_id": 3, "shape": "rect", "meta": {"points": []}, "image_id": 11, "id": 66}, {"segmentation": null, "area": 1.1, "iscrowd": 0, "bbox": [358, 235, 51, 43], "category_id": 6, "shape": "rect", "meta": {"points": []}, "image_id": 11, "id": 67}, {"segmentation": null, "area": 1.1, "iscrowd": 0, "bbox": [344, 286, 51, 36], "category_id": 2, "shape": "rect", "meta": {"points": []}, "image_id": 11, "id": 68}, {"segmentation": null, "area": 1.1, "iscrowd": 0, "bbox": [282, 186, 100, 56], "category_id": 0, "shape": "rect", "meta": {"points": []}, "image_id": 11, "id": 69}, {"segmentation": null, "area": 1.1, "iscrowd": 0, "bbox": [271, 158, 59, 62], "category_id": 0, "shape": "rect", "meta": {"points": []}, "image_id": 12, "id": 70}, {"segmentation": null, "area": 1.1, "iscrowd": 0, "bbox": [296, 146, 21, 39], "category_id": 1, "shape": "rect", "meta": {"points": []}, "image_id": 12, "id": 71}, {"segmentation": null, "area": 1.1, "iscrowd": 0, "bbox": [331, 136, 29, 37], "category_id": 3, "shape": "rect", "meta": {"points": []}, "image_id": 12, "id": 72}, {"segmentation": null, "area": 1.1, "iscrowd": 0, "bbox": [350, 122, 25, 76], "category_id": 0, "shape": "rect", "meta": {"points": []}, "image_id": 12, "id": 73}, {"segmentation": null, "area": 1.1, "iscrowd": 0, "bbox": [380, 109, 25, 79], "category_id": 4, "shape": "rect", "meta": {"points": []}, "image_id": 12, "id": 74}, {"segmentation": null, "area": 1.1, "iscrowd": 0, "bbox": [272, 116, 26, 76], "category_id": 4, "shape": "rect", "meta": {"points": []}, "image_id": 13, "id": 75}, {"segmentation": null, "area": 1.1, "iscrowd": 0, "bbox": [283, 188, 33, 22], "category_id": 5, "shape": "rect", "meta": {"points": []}, "image_id": 13, "id": 76}, {"segmentation": null, "area": 1.1, "iscrowd": 0, "bbox": [302, 147, 27, 35], "category_id": 3, "shape": "rect", "meta": {"points": []}, "image_id": 13, "id": 77}, {"segmentation": null, "area": 1.1, "iscrowd": 0, "bbox": [319, 151, 24, 44], "category_id": 1, "shape": "rect", "meta": {"points": []}, "image_id": 13, "id": 78}, {"segmentation": null, "area": 1.1, "iscrowd": 0, "bbox": [355, 108, 26, 65], "category_id": 0, "shape": "rect", "meta": {"points": []}, "image_id": 13, "id": 79}, {"segmentation": null, "area": 1.1, "iscrowd": 0, "bbox": [360, 163, 39, 32], "category_id": 6, "shape": "rect", "meta": {"points": []}, "image_id": 13, "id": 80}, {"segmentation": null, "area": 1.1, "iscrowd": 0, "bbox": [333, 205, 47, 17], "category_id": 2, "shape": "rect", "meta": {"points": []}, "image_id": 13, "id": 81}, {"segmentation": null, "area": 1.1, "iscrowd": 0, "bbox": [257, 153, 57, 49], "category_id": 0, "shape": "rect", "meta": {"points": []}, "image_id": 14, "id": 82}, {"segmentation": null, "area": 1.1, "iscrowd": 0, "bbox": [301, 140, 23, 40], "category_id": 1, "shape": "rect", "meta": {"points": []}, "image_id": 14, "id": 83}, {"segmentation": null, "area": 1.1, "iscrowd": 0, "bbox": [307, 152, 43, 10], "category_id": 2, "shape": "rect", "meta": {"points": []}, "image_id": 14, "id": 84}, {"segmentation": null, "area": 1.1, "iscrowd": 0, "bbox": [339, 127, 27, 74], "category_id": 0, "shape": "rect", "meta": {"points": []}, "image_id": 14, "id": 85}, {"segmentation": null, "area": 1.1, "iscrowd": 0, "bbox": [352, 139, 27, 37], "category_id": 3, "shape": "rect", "meta": {"points": []}, "image_id": 14, "id": 86}, {"segmentation": null, "area": 1.1, "iscrowd": 0, "bbox": [382, 118, 27, 79], "category_id": 4, "shape": "rect", "meta": {"points": []}, "image_id": 14, "id": 87}, {"segmentation": null, "area": 1.1, "iscrowd": 0, "bbox": [251, 221, 31, 53], "category_id": 1, "shape": "rect", "meta": {"points": []}, "image_id": 15, "id": 88}, {"segmentation": null, "area": 1.1, "iscrowd": 0, "bbox": [282, 201, 32, 41], "category_id": 3, "shape": "rect", "meta": {"points": []}, "image_id": 15, "id": 89}, {"segmentation": null, "area": 1.1, "iscrowd": 0, "bbox": [286, 267, 43, 36], "category_id": 2, "shape": "rect", "meta": {"points": []}, "image_id": 15, "id": 90}, {"segmentation": null, "area": 1.1, "iscrowd": 0, "bbox": [316, 174, 30, 81], "category_id": 7, "shape": "rect", "meta": {"points": []}, "image_id": 15, "id": 91}, {"segmentation": null, "area": 1.1, "iscrowd": 0, "bbox": [342, 252, 49, 42], "category_id": 6, "shape": "rect", "meta": {"points": []}, "image_id": 15, "id": 92}, {"segmentation": null, "area": 1.1, "iscrowd": 0, "bbox": [352, 216, 23, 39], "category_id": 5, "shape": "rect", "meta": {"points": []}, "image_id": 15, "id": 93}, {"segmentation": null, "area": 1.1, "iscrowd": 0, "bbox": [382, 175, 34, 93], "category_id": 4, "shape": "rect", "meta": {"points": []}, "image_id": 15, "id": 94}, {"segmentation": null, "area": 1.1, "iscrowd": 0, "bbox": [272, 159, 65, 65], "category_id": 0, "shape": "rect", "meta": {"points": []}, "image_id": 16, "id": 95}, {"segmentation": null, "area": 1.1, "iscrowd": 0, "bbox": [293, 147, 23, 40], "category_id": 1, "shape": "rect", "meta": {"points": []}, "image_id": 16, "id": 96}, {"segmentation": null, "area": 1.1, "iscrowd": 0, "bbox": [326, 134, 31, 40], "category_id": 3, "shape": "rect", "meta": {"points": []}, "image_id": 16, "id": 97}, {"segmentation": null, "area": 1.1, "iscrowd": 0, "bbox": [351, 123, 26, 73], "category_id": 0, "shape": "rect", "meta": {"points": []}, "image_id": 16, "id": 98}, {"segmentation": null, "area": 1.1, "iscrowd": 0, "bbox": [379, 108, 25, 75], "category_id": 4, "shape": "rect", "meta": {"points": []}, "image_id": 16, "id": 99}, {"segmentation": null, "area": 1.1, "iscrowd": 0, "bbox": [275, 258, 35, 40], "category_id": 3, "shape": "rect", "meta": {"points": []}, "image_id": 17, "id": 100}, {"segmentation": null, "area": 1.1, "iscrowd": 0, "bbox": [246, 191, 107, 65], "category_id": 0, "shape": "rect", "meta": {"points": []}, "image_id": 17, "id": 101}, {"segmentation": null, "area": 1.1, "iscrowd": 0, "bbox": [321, 231, 37, 45], "category_id": 3, "shape": "rect", "meta": {"points": []}, "image_id": 17, "id": 102}, {"segmentation": null, "area": 1.1, "iscrowd": 0, "bbox": [334, 252, 31, 54], "category_id": 1, "shape": "rect", "meta": {"points": []}, "image_id": 17, "id": 103}, {"segmentation": null, "area": 1.1, "iscrowd": 0, "bbox": [385, 258, 62, 17], "category_id": 2, "shape": "rect", "meta": {"points": []}, "image_id": 17, "id": 104}, {"segmentation": null, "area": 1.1, "iscrowd": 0, "bbox": [356, 210, 47, 43], "category_id": 6, "shape": "rect", "meta": {"points": []}, "image_id": 17, "id": 105}, {"segmentation": null, "area": 1.1, "iscrowd": 0, "bbox": [254, 151, 56, 48], "category_id": 0, "shape": "rect", "meta": {"points": []}, "image_id": 18, "id": 106}, {"segmentation": null, "area": 1.1, "iscrowd": 0, "bbox": [304, 139, 23, 41], "category_id": 1, "shape": "rect", "meta": {"points": []}, "image_id": 18, "id": 107}, {"segmentation": null, "area": 1.1, "iscrowd": 0, "bbox": [318, 154, 35, 7], "category_id": 2, "shape": "rect", "meta": {"points": []}, "image_id": 18, "id": 108}, {"segmentation": null, "area": 1.1, "iscrowd": 0, "bbox": [336, 128, 27, 74], "category_id": 0, "shape": "rect", "meta": {"points": []}, "image_id": 18, "id": 109}, {"segmentation": null, "area": 1.1, "iscrowd": 0, "bbox": [356, 139, 31, 39], "category_id": 3, "shape": "rect", "meta": {"points": []}, "image_id": 18, "id": 110}, {"segmentation": null, "area": 1.1, "iscrowd": 0, "bbox": [380, 122, 25, 79], "category_id": 4, "shape": "rect", "meta": {"points": []}, "image_id": 18, "id": 111}, {"segmentation": null, "area": 1.1, "iscrowd": 0, "bbox": [272, 116, 27, 78], "category_id": 4, "shape": "rect", "meta": {"points": []}, "image_id": 19, "id": 112}, {"segmentation": null, "area": 1.1, "iscrowd": 0, "bbox": [285, 188, 32, 24], "category_id": 5, "shape": "rect", "meta": {"points": []}, "image_id": 19, "id": 113}, {"segmentation": null, "area": 1.1, "iscrowd": 0, "bbox": [301, 148, 25, 34], "category_id": 3, "shape": "rect", "meta": {"points": []}, "image_id": 19, "id": 114}, {"segmentation": null, "area": 1.1, "iscrowd": 0, "bbox": [320, 152, 23, 43], "category_id": 1, "shape": "rect", "meta": {"points": []}, "image_id": 19, "id": 115}, {"segmentation": null, "area": 1.1, "iscrowd": 0, "bbox": [338, 204, 45, 19], "category_id": 2, "shape": "rect", "meta": {"points": []}, "image_id": 19, "id": 116}, {"segmentation": null, "area": 1.1, "iscrowd": 0, "bbox": [361, 162, 38, 31], "category_id": 6, "shape": "rect", "meta": {"points": []}, "image_id": 19, "id": 117}, {"segmentation": null, "area": 1.1, "iscrowd": 0, "bbox": [353, 103, 25, 67], "category_id": 0, "shape": "rect", "meta": {"points": []}, "image_id": 19, "id": 118}, {"segmentation": null, "area": 1.1, "iscrowd": 0, "bbox": [257, 236, 34, 39], "category_id": 3, "shape": "rect", "meta": {"points": []}, "image_id": 20, "id": 119}, {"segmentation": null, "area": 1.1, "iscrowd": 0, "bbox": [294, 251, 31, 50], "category_id": 1, "shape": "rect", "meta": {"points": []}, "image_id": 20, "id": 120}, {"segmentation": null, "area": 1.1, "iscrowd": 0, "bbox": [310, 230, 37, 49], "category_id": 3, "shape": "rect", "meta": {"points": []}, "image_id": 20, "id": 121}, {"segmentation": null, "area": 1.1, "iscrowd": 0, "bbox": [362, 226, 51, 40], "category_id": 6, "shape": "rect", "meta": {"points": []}, "image_id": 20, "id": 122}, {"segmentation": null, "area": 1.1, "iscrowd": 0, "bbox": [364, 281, 63, 24], "category_id": 2, "shape": "rect", "meta": {"points": []}, "image_id": 20, "id": 123}, {"segmentation": null, "area": 1.1, "iscrowd": 0, "bbox": [277, 186, 89, 56], "category_id": 0, "shape": "rect", "meta": {"points": []}, "image_id": 20, "id": 124}, {"segmentation": null, "area": 1.1, "iscrowd": 0, "bbox": [250, 217, 30, 52], "category_id": 1, "shape": "rect", "meta": {"points": []}, "image_id": 21, "id": 125}, {"segmentation": null, "area": 1.1, "iscrowd": 0, "bbox": [286, 198, 33, 42], "category_id": 3, "shape": "rect", "meta": {"points": []}, "image_id": 21, "id": 126}, {"segmentation": null, "area": 1.1, "iscrowd": 0, "bbox": [283, 262, 39, 39], "category_id": 2, "shape": "rect", "meta": {"points": []}, "image_id": 21, "id": 127}, {"segmentation": null, "area": 1.1, "iscrowd": 0, "bbox": [320, 175, 29, 79], "category_id": 7, "shape": "rect", "meta": {"points": []}, "image_id": 21, "id": 128}, {"segmentation": null, "area": 1.1, "iscrowd": 0, "bbox": [334, 255, 51, 39], "category_id": 6, "shape": "rect", "meta": {"points": []}, "image_id": 21, "id": 129}, {"segmentation": null, "area": 1.1, "iscrowd": 0, "bbox": [352, 221, 26, 34], "category_id": 5, "shape": "rect", "meta": {"points": []}, "image_id": 21, "id": 130}, {"segmentation": null, "area": 1.1, "iscrowd": 0, "bbox": [382, 178, 33, 97], "category_id": 4, "shape": "rect", "meta": {"points": []}, "image_id": 21, "id": 131}, {"segmentation": null, "area": 1.1, "iscrowd": 0, "bbox": [273, 119, 28, 79], "category_id": 4, "shape": "rect", "meta": {"points": []}, "image_id": 22, "id": 132}, {"segmentation": null, "area": 1.1, "iscrowd": 0, "bbox": [290, 192, 32, 23], "category_id": 5, "shape": "rect", "meta": {"points": []}, "image_id": 22, "id": 133}, {"segmentation": null, "area": 1.1, "iscrowd": 0, "bbox": [299, 148, 27, 35], "category_id": 3, "shape": "rect", "meta": {"points": []}, "image_id": 22, "id": 134}, {"segmentation": null, "area": 1.1, "iscrowd": 0, "bbox": [322, 153, 23, 43], "category_id": 1, "shape": "rect", "meta": {"points": []}, "image_id": 22, "id": 135}, {"segmentation": null, "area": 1.1, "iscrowd": 0, "bbox": [349, 103, 24, 68], "category_id": 0, "shape": "rect", "meta": {"points": []}, "image_id": 22, "id": 136}, {"segmentation": null, "area": 1.1, "iscrowd": 0, "bbox": [360, 160, 39, 32], "category_id": 6, "shape": "rect", "meta": {"points": []}, "image_id": 22, "id": 137}, {"segmentation": null, "area": 1.1, "iscrowd": 0, "bbox": [347, 203, 42, 19], "category_id": 2, "shape": "rect", "meta": {"points": []}, "image_id": 22, "id": 138}, {"segmentation": null, "area": 1.1, "iscrowd": 0, "bbox": [278, 185, 92, 53], "category_id": 0, "shape": "rect", "meta": {"points": []}, "image_id": 23, "id": 139}, {"segmentation": null, "area": 1.1, "iscrowd": 0, "bbox": [255, 230, 33, 38], "category_id": 3, "shape": "rect", "meta": {"points": []}, "image_id": 23, "id": 140}, {"segmentation": null, "area": 1.1, "iscrowd": 0, "bbox": [285, 249, 30, 47], "category_id": 1, "shape": "rect", "meta": {"points": []}, "image_id": 23, "id": 141}, {"segmentation": null, "area": 1.1, "iscrowd": 0, "bbox": [307, 229, 35, 48], "category_id": 3, "shape": "rect", "meta": {"points": []}, "image_id": 23, "id": 142}, {"segmentation": null, "area": 1.1, "iscrowd": 0, "bbox": [360, 229, 51, 44], "category_id": 6, "shape": "rect", "meta": {"points": []}, "image_id": 23, "id": 143}, {"segmentation": null, "area": 1.1, "iscrowd": 0, "bbox": [353, 283, 60, 30], "category_id": 2, "shape": "rect", "meta": {"points": []}, "image_id": 23, "id": 144}, {"segmentation": null, "area": 1.1, "iscrowd": 0, "bbox": [254, 230, 33, 55], "category_id": 1, "shape": "rect", "meta": {"points": []}, "image_id": 24, "id": 145}, {"segmentation": null, "area": 1.1, "iscrowd": 0, "bbox": [271, 205, 34, 44], "category_id": 3, "shape": "rect", "meta": {"points": []}, "image_id": 24, "id": 146}, {"segmentation": null, "area": 1.1, "iscrowd": 0, "bbox": [315, 176, 29, 82], "category_id": 7, "shape": "rect", "meta": {"points": []}, "image_id": 24, "id": 147}, {"segmentation": null, "area": 1.1, "iscrowd": 0, "bbox": [293, 275, 54, 28], "category_id": 2, "shape": "rect", "meta": {"points": []}, "image_id": 24, "id": 148}, {"segmentation": null, "area": 1.1, "iscrowd": 0, "bbox": [345, 216, 25, 32], "category_id": 5, "shape": "rect", "meta": {"points": []}, "image_id": 24, "id": 149}, {"segmentation": null, "area": 1.1, "iscrowd": 0, "bbox": [351, 246, 51, 43], "category_id": 6, "shape": "rect", "meta": {"points": []}, "image_id": 24, "id": 150}, {"segmentation": null, "area": 1.1, "iscrowd": 0, "bbox": [382, 167, 31, 88], "category_id": 4, "shape": "rect", "meta": {"points": []}, "image_id": 24, "id": 151}, {"segmentation": null, "area": 1.1, "iscrowd": 0, "bbox": [257, 225, 33, 39], "category_id": 3, "shape": "rect", "meta": {"points": []}, "image_id": 25, "id": 152}, {"segmentation": null, "area": 1.1, "iscrowd": 0, "bbox": [279, 245, 30, 49], "category_id": 1, "shape": "rect", "meta": {"points": []}, "image_id": 25, "id": 153}, {"segmentation": null, "area": 1.1, "iscrowd": 0, "bbox": [305, 225, 35, 48], "category_id": 3, "shape": "rect", "meta": {"points": []}, "image_id": 25, "id": 154}, {"segmentation": null, "area": 1.1, "iscrowd": 0, "bbox": [280, 184, 101, 58], "category_id": 0, "shape": "rect", "meta": {"points": []}, "image_id": 25, "id": 155}, {"segmentation": null, "area": 1.1, "iscrowd": 0, "bbox": [346, 285, 56, 34], "category_id": 2, "shape": "rect", "meta": {"points": []}, "image_id": 25, "id": 156}, {"segmentation": null, "area": 1.1, "iscrowd": 0, "bbox": [357, 231, 52, 46], "category_id": 6, "shape": "rect", "meta": {"points": []}, "image_id": 25, "id": 157}, {"segmentation": null, "area": 1.1, "iscrowd": 0, "bbox": [261, 236, 33, 55], "category_id": 1, "shape": "rect", "meta": {"points": []}, "image_id": 26, "id": 158}, {"segmentation": null, "area": 1.1, "iscrowd": 0, "bbox": [265, 209, 35, 42], "category_id": 3, "shape": "rect", "meta": {"points": []}, "image_id": 26, "id": 159}, {"segmentation": null, "area": 1.1, "iscrowd": 0, "bbox": [311, 175, 32, 85], "category_id": 7, "shape": "rect", "meta": {"points": []}, "image_id": 26, "id": 160}, {"segmentation": null, "area": 1.1, "iscrowd": 0, "bbox": [301, 278, 60, 26], "category_id": 2, "shape": "rect", "meta": {"points": []}, "image_id": 26, "id": 161}, {"segmentation": null, "area": 1.1, "iscrowd": 0, "bbox": [358, 243, 48, 41], "category_id": 6, "shape": "rect", "meta": {"points": []}, "image_id": 26, "id": 162}, {"segmentation": null, "area": 1.1, "iscrowd": 0, "bbox": [338, 213, 26, 31], "category_id": 5, "shape": "rect", "meta": {"points": []}, "image_id": 26, "id": 163}, {"segmentation": null, "area": 1.1, "iscrowd": 0, "bbox": [378, 163, 34, 95], "category_id": 4, "shape": "rect", "meta": {"points": []}, "image_id": 26, "id": 164}, {"segmentation": null, "area": 1.1, "iscrowd": 0, "bbox": [261, 217, 37, 42], "category_id": 3, "shape": "rect", "meta": {"points": []}, "image_id": 27, "id": 165}, {"segmentation": null, "area": 1.1, "iscrowd": 0, "bbox": [272, 242, 34, 56], "category_id": 1, "shape": "rect", "meta": {"points": []}, "image_id": 27, "id": 166}, {"segmentation": null, "area": 1.1, "iscrowd": 0, "bbox": [311, 283, 65, 17], "category_id": 2, "shape": "rect", "meta": {"points": []}, "image_id": 27, "id": 167}, {"segmentation": null, "area": 1.1, "iscrowd": 0, "bbox": [311, 176, 30, 85], "category_id": 7, "shape": "rect", "meta": {"points": []}, "image_id": 27, "id": 168}, {"segmentation": null, "area": 1.1, "iscrowd": 0, "bbox": [327, 217, 31, 29], "category_id": 5, "shape": "rect", "meta": {"points": []}, "image_id": 27, "id": 169}, {"segmentation": null, "area": 1.1, "iscrowd": 0, "bbox": [365, 238, 48, 39], "category_id": 6, "shape": "rect", "meta": {"points": []}, "image_id": 27, "id": 170}, {"segmentation": null, "area": 1.1, "iscrowd": 0, "bbox": [374, 159, 31, 86], "category_id": 4, "shape": "rect", "meta": {"points": []}, "image_id": 27, "id": 171}, {"segmentation": null, "area": 1.1, "iscrowd": 0, "bbox": [277, 123, 26, 80], "category_id": 4, "shape": "rect", "meta": {"points": []}, "image_id": 28, "id": 172}, {"segmentation": null, "area": 1.1, "iscrowd": 0, "bbox": [298, 151, 25, 36], "category_id": 3, "shape": "rect", "meta": {"points": []}, "image_id": 28, "id": 173}, {"segmentation": null, "area": 1.1, "iscrowd": 0, "bbox": [301, 194, 28, 24], "category_id": 5, "shape": "rect", "meta": {"points": []}, "image_id": 28, "id": 174}, {"segmentation": null, "area": 1.1, "iscrowd": 0, "bbox": [323, 153, 25, 43], "category_id": 1, "shape": "rect", "meta": {"points": []}, "image_id": 28, "id": 175}, {"segmentation": null, "area": 1.1, "iscrowd": 0, "bbox": [337, 101, 24, 67], "category_id": 0, "shape": "rect", "meta": {"points": []}, "image_id": 28, "id": 176}, {"segmentation": null, "area": 1.1, "iscrowd": 0, "bbox": [361, 157, 38, 29], "category_id": 6, "shape": "rect", "meta": {"points": []}, "image_id": 28, "id": 177}, {"segmentation": null, "area": 1.1, "iscrowd": 0, "bbox": [364, 197, 32, 23], "category_id": 2, "shape": "rect", "meta": {"points": []}, "image_id": 28, "id": 178}, {"segmentation": null, "area": 1.1, "iscrowd": 0, "bbox": [333, 285, 44, 42], "category_id": 2, "shape": "rect", "meta": {"points": []}, "image_id": 29, "id": 179}, {"segmentation": null, "area": 1.1, "iscrowd": 0, "bbox": [262, 218, 31, 37], "category_id": 3, "shape": "rect", "meta": {"points": []}, "image_id": 29, "id": 180}, {"segmentation": null, "area": 1.1, "iscrowd": 0, "bbox": [269, 241, 31, 45], "category_id": 1, "shape": "rect", "meta": {"points": []}, "image_id": 29, "id": 181}, {"segmentation": null, "area": 1.1, "iscrowd": 0, "bbox": [303, 225, 35, 48], "category_id": 3, "shape": "rect", "meta": {"points": []}, "image_id": 29, "id": 182}, {"segmentation": null, "area": 1.1, "iscrowd": 0, "bbox": [353, 239, 53, 42], "category_id": 6, "shape": "rect", "meta": {"points": []}, "image_id": 29, "id": 183}, {"segmentation": null, "area": 1.1, "iscrowd": 0, "bbox": [287, 185, 105, 60], "category_id": 0, "shape": "rect", "meta": {"points": []}, "image_id": 29, "id": 184}, {"segmentation": null, "area": 1.1, "iscrowd": 0, "bbox": [253, 229, 32, 55], "category_id": 1, "shape": "rect", "meta": {"points": []}, "image_id": 30, "id": 185}, {"segmentation": null, "area": 1.1, "iscrowd": 0, "bbox": [273, 205, 34, 45], "category_id": 3, "shape": "rect", "meta": {"points": []}, "image_id": 30, "id": 186}, {"segmentation": null, "area": 1.1, "iscrowd": 0, "bbox": [293, 274, 51, 32], "category_id": 2, "shape": "rect", "meta": {"points": []}, "image_id": 30, "id": 187}, {"segmentation": null, "area": 1.1, "iscrowd": 0, "bbox": [314, 175, 32, 83], "category_id": 7, "shape": "rect", "meta": {"points": []}, "image_id": 30, "id": 188}, {"segmentation": null, "area": 1.1, "iscrowd": 0, "bbox": [347, 217, 24, 32], "category_id": 5, "shape": "rect", "meta": {"points": []}, "image_id": 30, "id": 189}, {"segmentation": null, "area": 1.1, "iscrowd": 0, "bbox": [348, 250, 52, 41], "category_id": 6, "shape": "rect", "meta": {"points": []}, "image_id": 30, "id": 190}, {"segmentation": null, "area": 1.1, "iscrowd": 0, "bbox": [382, 168, 33, 99], "category_id": 4, "shape": "rect", "meta": {"points": []}, "image_id": 30, "id": 191}, {"segmentation": null, "area": 1.1, "iscrowd": 0, "bbox": [251, 222, 31, 54], "category_id": 1, "shape": "rect", "meta": {"points": []}, "image_id": 31, "id": 192}, {"segmentation": null, "area": 1.1, "iscrowd": 0, "bbox": [277, 199, 35, 46], "category_id": 3, "shape": "rect", "meta": {"points": []}, "image_id": 31, "id": 193}, {"segmentation": null, "area": 1.1, "iscrowd": 0, "bbox": [290, 271, 44, 33], "category_id": 2, "shape": "rect", "meta": {"points": []}, "image_id": 31, "id": 194}, {"segmentation": null, "area": 1.1, "iscrowd": 0, "bbox": [318, 173, 28, 83], "category_id": 7, "shape": "rect", "meta": {"points": []}, "image_id": 31, "id": 195}, {"segmentation": null, "area": 1.1, "iscrowd": 0, "bbox": [351, 221, 23, 29], "category_id": 5, "shape": "rect", "meta": {"points": []}, "image_id": 31, "id": 196}, {"segmentation": null, "area": 1.1, "iscrowd": 0, "bbox": [346, 253, 49, 41], "category_id": 6, "shape": "rect", "meta": {"points": []}, "image_id": 31, "id": 197}, {"segmentation": null, "area": 1.1, "iscrowd": 0, "bbox": [381, 174, 36, 92], "category_id": 4, "shape": "rect", "meta": {"points": []}, "image_id": 31, "id": 198}, {"segmentation": null, "area": 1.1, "iscrowd": 0, "bbox": [259, 234, 32, 55], "category_id": 1, "shape": "rect", "meta": {"points": []}, "image_id": 32, "id": 199}, {"segmentation": null, "area": 1.1, "iscrowd": 0, "bbox": [267, 209, 35, 41], "category_id": 3, "shape": "rect", "meta": {"points": []}, "image_id": 32, "id": 200}, {"segmentation": null, "area": 1.1, "iscrowd": 0, "bbox": [299, 277, 56, 26], "category_id": 2, "shape": "rect", "meta": {"points": []}, "image_id": 32, "id": 201}, {"segmentation": null, "area": 1.1, "iscrowd": 0, "bbox": [313, 176, 30, 82], "category_id": 7, "shape": "rect", "meta": {"points": []}, "image_id": 32, "id": 202}, {"segmentation": null, "area": 1.1, "iscrowd": 0, "bbox": [358, 243, 45, 42], "category_id": 6, "shape": "rect", "meta": {"points": []}, "image_id": 32, "id": 203}, {"segmentation": null, "area": 1.1, "iscrowd": 0, "bbox": [337, 212, 26, 32], "category_id": 5, "shape": "rect", "meta": {"points": []}, "image_id": 32, "id": 204}, {"segmentation": null, "area": 1.1, "iscrowd": 0, "bbox": [381, 167, 31, 91], "category_id": 4, "shape": "rect", "meta": {"points": []}, "image_id": 32, "id": 205}, {"segmentation": null, "area": 1.1, "iscrowd": 0, "bbox": [257, 151, 51, 50], "category_id": 0, "shape": "rect", "meta": {"points": []}, "image_id": 33, "id": 206}, {"segmentation": null, "area": 1.1, "iscrowd": 0, "bbox": [303, 139, 21, 41], "category_id": 1, "shape": "rect", "meta": {"points": []}, "image_id": 33, "id": 207}, {"segmentation": null, "area": 1.1, "iscrowd": 0, "bbox": [309, 153, 36, 9], "category_id": 2, "shape": "rect", "meta": {"points": []}, "image_id": 33, "id": 208}, {"segmentation": null, "area": 1.1, "iscrowd": 0, "bbox": [338, 127, 27, 75], "category_id": 0, "shape": "rect", "meta": {"points": []}, "image_id": 33, "id": 209}, {"segmentation": null, "area": 1.1, "iscrowd": 0, "bbox": [354, 139, 28, 38], "category_id": 3, "shape": "rect", "meta": {"points": []}, "image_id": 33, "id": 210}, {"segmentation": null, "area": 1.1, "iscrowd": 0, "bbox": [379, 119, 28, 81], "category_id": 4, "shape": "rect", "meta": {"points": []}, "image_id": 33, "id": 211}, {"segmentation": null, "area": 1.1, "iscrowd": 0, "bbox": [253, 149, 59, 44], "category_id": 0, "shape": "rect", "meta": {"points": []}, "image_id": 34, "id": 212}, {"segmentation": null, "area": 1.1, "iscrowd": 0, "bbox": [308, 138, 21, 41], "category_id": 1, "shape": "rect", "meta": {"points": []}, "image_id": 34, "id": 213}, {"segmentation": null, "area": 1.1, "iscrowd": 0, "bbox": [334, 128, 27, 75], "category_id": 0, "shape": "rect", "meta": {"points": []}, "image_id": 34, "id": 214}, {"segmentation": null, "area": 1.1, "iscrowd": 0, "bbox": [359, 142, 29, 37], "category_id": 3, "shape": "rect", "meta": {"points": []}, "image_id": 34, "id": 215}, {"segmentation": null, "area": 1.1, "iscrowd": 0, "bbox": [377, 124, 25, 80], "category_id": 4, "shape": "rect", "meta": {"points": []}, "image_id": 34, "id": 216}, {"segmentation": null, "area": 1.1, "iscrowd": 0, "bbox": [262, 158, 49, 52], "category_id": 0, "shape": "rect", "meta": {"points": []}, "image_id": 35, "id": 217}, {"segmentation": null, "area": 1.1, "iscrowd": 0, "bbox": [299, 143, 21, 41], "category_id": 1, "shape": "rect", "meta": {"points": []}, "image_id": 35, "id": 218}, {"segmentation": null, "area": 1.1, "iscrowd": 0, "bbox": [303, 152, 37, 12], "category_id": 2, "shape": "rect", "meta": {"points": []}, "image_id": 35, "id": 219}, {"segmentation": null, "area": 1.1, "iscrowd": 0, "bbox": [342, 125, 29, 75], "category_id": 0, "shape": "rect", "meta": {"points": []}, "image_id": 35, "id": 220}, {"segmentation": null, "area": 1.1, "iscrowd": 0, "bbox": [382, 115, 27, 77], "category_id": 4, "shape": "rect", "meta": {"points": []}, "image_id": 35, "id": 221}, {"segmentation": null, "area": 1.1, "iscrowd": 0, "bbox": [273, 113, 26, 77], "category_id": 4, "shape": "rect", "meta": {"points": []}, "image_id": 36, "id": 222}, {"segmentation": null, "area": 1.1, "iscrowd": 0, "bbox": [279, 187, 33, 21], "category_id": 5, "shape": "rect", "meta": {"points": []}, "image_id": 36, "id": 223}, {"segmentation": null, "area": 1.1, "iscrowd": 0, "bbox": [304, 146, 27, 35], "category_id": 3, "shape": "rect", "meta": {"points": []}, "image_id": 36, "id": 224}, {"segmentation": null, "area": 1.1, "iscrowd": 0, "bbox": [319, 152, 22, 42], "category_id": 1, "shape": "rect", "meta": {"points": []}, "image_id": 36, "id": 225}, {"segmentation": null, "area": 1.1, "iscrowd": 0, "bbox": [324, 207, 50, 16], "category_id": 2, "shape": "rect", "meta": {"points": []}, "image_id": 36, "id": 226}, {"segmentation": null, "area": 1.1, "iscrowd": 0, "bbox": [358, 165, 40, 30], "category_id": 6, "shape": "rect", "meta": {"points": []}, "image_id": 36, "id": 227}, {"segmentation": null, "area": 1.1, "iscrowd": 0, "bbox": [359, 104, 25, 71], "category_id": 0, "shape": "rect", "meta": {"points": []}, "image_id": 36, "id": 228}], "info": "info", "licenses": "licenses", "image_nums": 36, "categories": [{"id": 0, "name": "8"}, {"id": 1, "name": "7"}, {"id": 2, "name": "6"}, {"id": 3, "name": "5"}, {"id": 4, "name": "4"}, {"id": 5, "name": "3"}, {"id": 6, "name": "2"}, {"id": 7, "name": "1"}]}